place,address,city,category,video_url,date,plays,likes,comments,shares,saves,engagement_rate,save_rate,fluffie_rating,caption
"Johnny's Donuts","3629 Mount Diablo Blvd # A, Lafayette, CA 94549, USA","Walnut Creek","Dessert Shop",https://www.tiktok.com/@fluffie.donut/video/7504729000183467294,2025-05-15,639600,65300,408,1785,3178,11.0%,0.5%,,"fluffie and delicious and tasty #fluffiedonut #berkeley #eastbay #ucberkeley #food #tasty #bike "
"Ramen Nagi","541 Bryant St, Palo Alto, CA 94301, USA","Mountain View","Japanese Cuisine",https://www.tiktok.com/@fluffie.donut/video/7512114323456593183,2025-06-04,584800,56000,544,6129,7267,12.0%,1.2%,,"ramen nagi is so good #ramen #paloalto #bayarea #japan #japanesefood #tasty #soup #noodles #food #foodtok #viral #fyp #pridemonth #ucberkeley @Ramen Nagi PH "
"Cheese Board Pizza","1512 Shattuck Ave, Berkeley, California 94709-1517, USA","Berkeley","Fast Food",https://www.tiktok.com/@fluffie.donut/video/7505071937350044958,2025-05-16,535100,45700,1051,3283,5295,10.3%,1.0%,,"cheese board pizza has a lot of ok cheese #cheesy #pizza #berkeley #ucberkeley #tasty #food"
"House Of Xian Dumpling","925 Kearny St, San Francisco, CA 94133, USA","San Francisco","Chinese Cuisine",https://www.tiktok.com/@fluffie.donut/video/7540009188274064671,2025-08-18,352200,24300,105,5484,8160,10.8%,2.3%,,"spicy beef soup and dumplings 😍 #chinatown #dumplings #noodles #sanfrancisco #chinesefood "
"Noodle Dynasty","2426 Telegraph Ave, Berkeley, CA 94704, USA","Berkeley","Chinese Cuisine",https://www.tiktok.com/@fluffie.donut/video/7503225452744461599,2025-05-11,289300,24800,309,4653,4118,11.7%,1.4%,6.5,"noodle dynasty - the soup has too much oil 6.5/10 #soup #berkeley #ucberkeley #tasty #food #westcoast "
"Sweetheart Café","2523 Durant Ave, Berkeley, CA 94704, USA","Berkeley","Drinks",https://www.tiktok.com/@fluffie.donut/video/7504354879171874078,2025-05-14,259800,32500,171,1897,3003,14.5%,1.2%,,"sweetheart cafe, would rather be at artichokes #latenight #popcornchicken #sweetheart #berkeley #ucberkeley #tasty "
"Little Lucca","724 El Camino Real, South San Francisco, CA 94080, United States","South San Francisco","Deli Restaurant",https://www.tiktok.com/@fluffie.donut/video/7528810375261719839,2025-07-19,217800,11800,384,2124,2055,7.5%,0.9%,,"sandwich heaven fluffie recommended ✅ #sandwich #deli #southsanfrancisco #avocado #bacon #blt #heaven #bayarea #tasty #california #dessert #pastry #fyp #viral"
"Sierra Bakehouse","10736 Pioneer Trail Unit 12, Truckee, CA 96161, USA","Truckee","Bakery Shop",https://www.tiktok.com/@fluffie.donut/video/7508032881223011615,2025-05-24,194800,14200,113,1163,1628,8.8%,0.8%,,"sierra bake house has tasty pastries #tahoe #truckee #bayarea #bakery #croissant #coffee #california #tasty"
"Salt & Straw","50 University Ave d200, Los Gatos, CA 95030, USA","Los Gatos","Dessert Shop",https://www.tiktok.com/@fluffie.donut/video/7506170292423757086,2025-05-19,182600,22300,260,2056,978,14.0%,0.5%,,"pricey ice cream in palo alto @Salt & Straw #icecream #food #tasty #paloalto #fluffie #bayarea #california with @em❕ on camera duty"
"Chuck's Donuts","801 Woodside Rd, Redwood City, CA 94061, USA","Redwood City","Dessert Shop",https://www.tiktok.com/@fluffie.donut/video/7513244977204366623,2025-06-07,179000,14000,228,1104,1105,9.2%,0.6%,,"chucks is fluffieness at best #fluffy #donut #tasty #bayarea #pastries #california #redwoodcity #paloalto #foodie #food #fyp #viral #chucks @GRUBWITMIKE "
"El Farolito Mission Street (Flagship)","2777 Mission St, San Francisco, CA 94110, United States","San Francisco","Mexican Cuisine",https://www.tiktok.com/@fluffie.donut/video/7510631790583794975,2025-05-31,168000,13200,252,842,1469,9.4%,0.9%,,"best. burrito. ever. #elfarolito #burrito #mexican #mexicanfood #tasty #california #sanfrancisco #food #fyp #viral #bayarea #california #america @em❕ "
"Stan's Donut Shop","2628 Homestead Rd, Santa Clara, CA 95051, United States","Santa Clara","Dessert Shop",https://www.tiktok.com/@fluffie.donut/video/7527700387009236254,2025-07-16,143800,10500,145,1022,1262,9.0%,0.9%,,"the donut to end all donuts #stans #donuts #doughnut #fluffy #beutiful #tasty #santaclara #sanjose #legend #fyp #viral #california #bayarea #bakery #tasty #deepfried"
"Saint Frank Coffee","1018 Alma St, Menlo Park, CA 94025, USA","Palo Alto","Drinks",https://www.tiktok.com/@fluffie.donut/video/7502123080328776990,2025-05-08,137900,11300,99,1261,1856,10.5%,1.3%,,"back at st franks - now i'm in menlo park #menlopark #stanford#coffee #philz #bayareafoodies #berkeleyca #stfrankscoffee now with my mom behind the camera"
"Saint Frank Coffee","1018 Alma St, Menlo Park, CA 94025, USA","Palo Alto","Drinks",https://www.tiktok.com/@fluffie.donut/video/7509900178971839775,2025-05-29,130100,8174,124,1153,1497,8.4%,1.2%,,"back to my roots after a day off #stfranks #coffee #coffeelife #tasty #food #bayarea #menlopark #foodie #tasty #paloalto #bayarea #fyp #coast #westcoast #silliconvalley #stanford #ucberkeley "
"Rossotti’s Alpine Inn","3915 Alpine Rd, Portola Valley, CA 94028, USA","Palo Alto","Specialty Dining",https://www.tiktok.com/@fluffie.donut/video/7528109938703355166,2025-07-17,129400,6882,130,564,528,6.3%,0.4%,,"yuppie paradise #alpineinn #alpine #portolavalley #bayarea #beer #beergarden #sanfrancisco #stanford #dinner #burger #paloalto #sanjose #fries #tasty #summer @Oakley "
"The Hidden Cafe","1250 Addison St Ste 111, Berkeley, CA 94702, USA","Berkeley","Cafeteria",https://www.tiktok.com/@fluffie.donut/video/7501453502099492127,2025-05-06,123600,9739,159,866,561,9.2%,0.5%,,"hidden cafe in berkeley - coffee is yucky, vibes are good#coffee #berkeley #berkeleyca #ucberkeley2025 #yucky@jennifer fang @Albert Ader "
"San Mateo Taqueria","175 W 25th Ave, San Mateo, CA, United States","San Mateo","Mexican Cuisine",https://www.tiktok.com/@fluffie.donut/video/7537349173629177118,2025-08-11,119100,6025,147,1767,1277,7.7%,1.1%,,"one dollar tacos and bones in san mateo only this august! #taco #mexicanfood #deal #sanmateo #bayarea #foodtok #tasty #guacamole"
"Gorilla Barbeque","2145 Coast Highway #1, Pacifica, CA 94044, USA","San Bruno","Western Cuisine",https://www.tiktok.com/@fluffie.donut/video/7534000302337379614,2025-08-02,112200,7024,234,1309,1511,9.0%,1.3%,,"gorilla bbq ribs 🦍🦧 best in the bay #meat #tasty #pacifica #bayarea #bbq #barbeque #food #ribs #sanfrancisco #fyp #viral"
"Spartan Taco Truck","447 E William St, San Jose, CA 95112, USA","San Jose","Mexican Cuisine",https://www.tiktok.com/@fluffie.donut/video/7525511186650041630,2025-07-10,110500,8347,115,994,567,9.1%,0.5%,,"spartan taco truck is ok #tacos #sanjose #bayarea #sjsu #mexican #mexicanfood #california #midnight #midnightsnack #fyp #viral #ice #tacotruck #food #foodie #tasty "
"Alice's Restaurant","17288 Skyline Blvd, Woodside, CA 94062, USA","Redwood City","Specialty Dining",https://www.tiktok.com/@fluffie.donut/video/7510256013258394910,2025-05-30,106400,7114,157,566,634,8.0%,0.6%,,"alice's for the vibes, not the food #reuben #tasty #livemusic #skyline #bayarea #california #fyp #viral #coast #food #paloalto #woodside @em❕ "
"Zareen's REDWOOD CITY","2039 Broadway, Redwood City, CA 94063, United States","Redwood City","Other Cuisine",https://www.tiktok.com/@fluffie.donut/video/7527328617055931678,2025-07-15,104300,4249,112,609,477,5.2%,0.5%,,"indian food with the executive #curry #lamb #naan #lassi #samosa #tasty #michellinguide #redwoodcity #paloalto #sanfrancisco #bayarea #california #viral #fyp #millionviews #indian #indianfood #pakistani #pakistan #pakistanifood @Zareen’s Restaurant "
"In-N-Out Burger","15575 Hesperian Blvd, San Leandro, CA 94579, USA","Hayward","Fast Food",https://www.tiktok.com/@fluffie.donut/video/7503575494797856030,2025-05-12,101000,11800,123,776,895,13.5%,0.9%,,"2400 calories of pure happiness 🤗#innoutburger #california #berkeley #ucberkeley #fastfood #westcoast #america "
"El Grullense","1243 Middlefield Rd, Redwood City, California 94063-2012, USA","Redwood City","Restaurant",https://www.tiktok.com/@fluffie.donut/video/7513962900814318878,2025-06-09,97000,7292,242,1141,734,9.7%,0.8%,,"la lengua at el grullense @elgrullense #tacos #mexicanfood #elgrullense #taqueria #mexico #bayarea #refwoodcity #tasty #fyp #viral #foodie "
"Taqueria Los Pericos","139 Water St, Santa Cruz, CA 95060, USA","Santa Cruz","Mexican Cuisine",https://www.tiktok.com/@fluffie.donut/video/7539282445980503327,2025-08-16,94400,5588,188,643,509,7.3%,0.5%,,"best burrito in santa cruz #burrito #santacruz #surfing #bayarea #mexicanfood"
"Shan Dong","328 10th St #101, Oakland, CA 94607, USA","Berkeley","Chinese Cuisine",https://www.tiktok.com/@fluffie.donut/video/7542545334791146782,2025-08-25,84000,6868,68,1334,1639,11.8%,2.0%,,"what's the best chinese in the east bay? #chinesefood #bayareafoodies #ucberkeley #eastbay #oakland "
"FAVA","2114 Vine St, Berkeley, CA 94709, USA","Berkeley","Restaurant",https://www.tiktok.com/@fluffie.donut/video/7504321203306351902,2025-05-14,82700,4320,109,316,548,6.4%,0.7%,10,"fava spicy chicken sandwich 10/10 #berkeley #organic #lunch #tasty #food #fava #ucberkeley #inlove "
"Lucile's Creole Cafe","2124 14th St, Boulder, CO 80302, USA","BOULDER","Specialty Dining",https://www.tiktok.com/@fluffie.donut/video/7551151330342096158,2025-09-17,81900,7368,31,511,638,10.4%,0.8%,,"snow in colorado #beignets #diner #brunch #cuboulder #buffs"
"DAD'S Sandwiches","1310 S St, Sacramento, CA 95811, USA","Citrus Heights","Deli Restaurant",https://www.tiktok.com/@fluffie.donut/video/7526954125129436446,2025-07-14,81300,7109,109,828,1050,11.2%,1.3%,,"the GOVERNATOR #sacramento #sandwich #governator #pastramy #slaw #avocado #tasty #Foodie #Summer #california #bayarea #sanfrancisco #fyp #viral @sandwichfrancisco @Dads Sandwiches "
"Gott's Palo Alto","855 El Camino Real #65, Palo Alto, CA 94301, USA","Mountain View","Fast Food",https://www.tiktok.com/@fluffie.donut/video/7511800068916170014,2025-06-03,76800,3796,233,364,177,6.0%,0.2%,,"gotts disappoints #burger #innout #gotts #paloalto #tasty #foodtok #california #grill #fyp #viral #bayarea #onionring #fastfood @gottsroadside "
"La Mia Cucina","208 17th St, Pacific Grove, CA 93950, USA","Monterey County","Italian Cuisine",https://www.tiktok.com/@fluffie.donut/video/7547793323067575583,2025-09-08,76100,6896,56,840,1631,12.4%,2.1%,,"best italian food in monterey? #pasta #italianfood #monterey #dinnerdate #bayarea"
"Tacos Chencho","492 S Bascom Ave, San Jose, CA 95128, USA","San Jose","Mexican Cuisine",https://www.tiktok.com/@fluffie.donut/video/7528503833341840671,2025-07-18,75200,2851,79,296,361,4.8%,0.5%,,"chenchos 6 for 22 #sanjose #mexican #mexicanfood #tacos #tripes #pastor #alpastor #asada #lalengua #tasty #tacotruck #breakfast #salsa #bayarea "
"Bob's Donut & Pastry Shop polk street","1621 Polk St, San Francisco, CA 94109, United States","San Francisco","Dessert Shop",https://www.tiktok.com/@fluffie.donut/video/7511426742637137182,2025-06-02,73400,3245,62,159,300,5.1%,0.4%,,"bobs donuts should be big #donut #bacon #sanfrancisco #bayarea #tasty #food #california #ucberkeley #triathlon #fyp #viral #eating #foodtok "
"Saffron","1143 San Carlos Ave, San Carlos, CA 94070, USA","Redwood City","Indian Cuisine",https://www.tiktok.com/@fluffie.donut/video/7544100436748422430,2025-08-29,70200,5136,130,667,1069,10.0%,1.5%,,"best butter chicken on the peninsula? #indianfood #bayareafoodies #tasty #curry #butterchickencurry "
"Taqueria El Paisa","4610 International Blvd, Oakland, CA 94601, United States","Berkeley","Mexican Cuisine",https://www.tiktok.com/@fluffie.donut/video/7662436933238263070,2026-07-14,69200,8085,137,2015,1855,17.5%,2.7%,,"the worlds biggest burrito? #oakland #alpastor #eastbay #berkeley #bayareafoodies"
"Taqueria El Farolito","394 Grand Ave, South San Francisco, CA 94080, USA","South San Francisco","Mexican Cuisine",https://www.tiktok.com/@fluffie.donut/video/7532884452599516447,2025-07-30,61800,3995,110,382,466,8.0%,0.8%,,"what a bargain - farolito is fluffie approved #mexican #mexico #mexicanfood #home #homesweethome #carneasada #burrito #tacos #sanfrancisco #southsanfrancisco #dalycity #sfo #fyp #viral "
"Arcangeli Grocery Co.","287 Stage Rd, Pescadero, CA 94060, USA","Pescadero State Beach","Food and Beverage Retail",https://www.tiktok.com/@fluffie.donut/video/7537020562800004382,2025-08-10,61500,3341,104,153,190,6.2%,0.3%,,"big bread in pescadero #artichoke #bread #bakery #pescadero #cycling #bayarea #america #halfmoonbay"
"La Hacienda Market","1933 Menalto Ave, Menlo Park, CA 94025, USA","Palo Alto","Food and Beverage Retail",https://www.tiktok.com/@fluffie.donut/video/7591235478645493022,2026-01-03,60600,3372,122,551,536,7.6%,0.9%,,"hidden gem in menlo park #burrito #menlopark #mexicanfood #bayareafoodies #paloalto"
"Los Altos Taqueria Mexican Inc","2105 Old Middlefield Way, Mountain View, CA 94043, USA","Mountain View","Mexican Cuisine",https://www.tiktok.com/@fluffie.donut/video/7530669521422519582,2025-07-24,59700,2349,53,127,169,4.5%,0.3%,,"los alto taqueria sopping burrito #mexican #mexicanfood #tasty #taco #california #paloalto #salsa #bayarea #food #foodie #mountainview #fyp #viral"
"Tacos Sinaloa","2384 Telegraph Ave, Berkeley, CA 94704, USA","Berkeley","Mexican Cuisine",https://www.tiktok.com/@fluffie.donut/video/7544438722507377950,2025-08-30,59000,3943,80,922,496,9.2%,0.8%,,"a light lunch in berkeley #burrito #ucberkeley #bayareafoodies #stephcurry #mexicanfood"
"","","","",https://www.tiktok.com/@fluffie.donut/video/7541460439167798559,2025-08-22,58400,4113,52,506,554,8.9%,0.9%,,"best burger in the east bay ... two minutes from cal campus! #ucberkeley #burger #fries #shake #cal"
"Boichik Bagels Berkeley","3170 College Ave, Berkeley, CA 94705, USA","Berkeley","Specialty Dining",https://www.tiktok.com/@fluffie.donut/video/7501751717164256543,2025-05-07,57300,4051,150,379,411,8.7%,0.7%,,"best bagel in the bay #bagel#nybagel#berkeley#provemewrong #tasty"
"Campus Burgers","108 Paseo de San Antonio, San Jose, CA 95113, USA","San Jose","Fast Food",https://www.tiktok.com/@fluffie.donut/video/7525474906394414366,2025-07-10,56900,5474,96,454,352,11.2%,0.6%,,"#important #please bring $1.99 burger to cal @Campus_Burgers @UC Berkeley #berkeley #viral #petition #eastbay #sanjose #sjsu #ucberkeley #fyp #hamburger #tasty #food #bayarea "
"Berkeley Bowl West","920 Heinz Ave, Berkeley, CA 94710, USA","Berkeley","Food and Beverage Retail",https://www.tiktok.com/@fluffie.donut/video/7503939910332730655,2025-05-13,56200,3408,112,552,265,7.7%,0.5%,,"best burrito in berkeley is at ... berkeley bowl! #burrito #berkeley #california #ucberkeley #mexicanfood "
"Manny's Deli","1141 S Jefferson St, Chicago, IL 60607, United States","Chicago","Deli Restaurant",https://www.tiktok.com/@fluffie.donut/video/7559963830386724126,2025-10-11,55500,2741,57,159,273,5.8%,0.5%,,"me like soup #uchicago #uic #deli #chicagofood #tasty"
"Ling Nam Restaurant and Bakeshop","980 King Dr Ste #1 & #3, Daly City, CA 94015, USA","Daly City","Bakery Shop",https://www.tiktok.com/@fluffie.donut/video/7529251095693020446,2025-07-20,54900,3275,105,488,410,7.8%,0.7%,,"i love it when you call me senorita #señorita #filipino #philipines #southsanfrancisco #bread #pastry #bayarea #tasty #california #dessert #pastry #fyp #viral #sanfrancisco"
"Dream Fluff Donuts","2637 Ashby Ave, Berkeley, CA 94705, USA","Berkeley","Dessert Shop",https://www.tiktok.com/@fluffie.donut/video/7542983333978950943,2025-08-26,54700,4855,56,839,646,11.7%,1.2%,,"four dollar box of donuts! best deal on donuts in the bay! #ucberkeley #deal #donuts #toogoodtogo #love"
"FAVA","2114 Vine St, Berkeley, CA 94709, USA","Berkeley","Restaurant",https://www.tiktok.com/@fluffie.donut/video/7541083865855806750,2025-08-21,54300,3122,54,351,713,7.8%,1.3%,,"back at the best lunch spot in berkeley #lunch #ucberkeley #berkeley #chicken #organic"
"Los Gallos Taqueria","3726 Florence St, Redwood City, CA 94063, USA","Redwood City","Mexican Cuisine",https://www.tiktok.com/@fluffie.donut/video/7579668343653764383,2025-12-03,51100,2622,78,392,307,6.7%,0.6%,,"best burrito in menlo park 🥰😛#burrito #mexicanfood #menlopark #meta #redwoodcity "
"Los Altos Taqueria Mexican Inc","2105 Old Middlefield Way, Mountain View, CA 94043, USA","Mountain View","Mexican Cuisine",https://www.tiktok.com/@fluffie.donut/video/7578601748659457310,2025-11-30,47500,2060,60,269,371,5.8%,0.8%,,"my favorite burrito in palo alto #burrito #paloalto #bayareafoodies #stanford #tasty"
"CoRo Coffee Roastery","2322 Fifth St, Berkeley, CA 94710, USA","Berkeley","Drinks",https://www.tiktok.com/@fluffie.donut/video/7503605664233622815,2025-05-12,47500,2867,73,195,298,7.2%,0.6%,,"best cap in berkeley is at CORO - 8 st franks points of 10 #coffee #berkeley #california #ucberkeley #westcoast #america with @jen "
"Beep's Burgers","1051 Ocean Ave, San Francisco, CA 94112, United States","San Francisco","Western Cuisine",https://www.tiktok.com/@fluffie.donut/video/7538888314338725151,2025-08-15,45200,3056,98,377,263,8.4%,0.6%,,"best burger in sf? #cheeseburger #sanfrancisco #tasty #nightlife #fire"
"Yumi Yogurt","3955 S El Camino Real, San Mateo, CA 94403, USA","San Mateo","Dessert Shop",https://www.tiktok.com/@fluffie.donut/video/7510339486895623454,2025-05-30,45000,2805,71,446,148,7.7%,0.3%,,"yumi yogurt is pasty #yumi #yummy #yucky #tasty #frozen #frozenyogurt #icecream #viral #fyp #bayarea #peninsula #california #belmont #menlopark #paloalto @em❕ "
"Soba Ichi","2311A Magnolia St, Oakland, CA 94607, USA","Berkeley","Restaurant",https://www.tiktok.com/@fluffie.donut/video/7505906719990598943,2025-05-18,44200,1950,57,204,293,5.7%,0.7%,,"hand pulled noods at soba ichi #ramen #soba #oakland #berkeley #brainlikeberkeley #food #soup #tasty #japanesefood goodbye dinner w @jen :("
"Taquería Santa Cruz","2215 Mission St, Santa Cruz, CA 95060, USA","Santa Cruz","Mexican Cuisine",https://www.tiktok.com/@fluffie.donut/video/7546755777084624158,2025-09-05,42100,2353,62,141,194,6.5%,0.5%,,"best burrito in santa cruz? #ucsantacruz #mexicanfood #burrito #santacruz #taqueria"
"University of California, Berkeley","Centennial Drive, Berkeley, Alameda County, California, US-CA, 94720-1076, United States","Berkeley","College and University",https://www.tiktok.com/@fluffie.donut/video/7504673011505646878,2025-05-15,41700,2706,32,341,80,7.6%,0.2%,,"cal dining is rough #ucberkeley #croads #dininghallfood #college #collegelife #dormlife  #cal #gobears #food with @iriss behind the camera"
"Il Canto Cafe","475 Sacramento St, San Francisco, CA 94111, USA","San Francisco","Cafeteria",https://www.tiktok.com/@fluffie.donut/video/7661737312610422047,2026-07-12,41200,3747,64,661,1143,13.6%,2.8%,,"possibly the second best breakup burrito in the city? i think so #breakfastburrito #mexicanfood #sanfrancisco #bayareafoodies #chipotle "
"Caffè Strada","2300 College Ave, Berkeley, CA 94704, USA","Berkeley","Drinks",https://www.tiktok.com/@fluffie.donut/video/7503260255019666718,2025-05-11,39700,2576,61,344,108,7.8%,0.3%,,"drinking beer at strada because the coffee is heinous #pliney #beer #strada #plineytheelder #peoplewatching #berkeley #ucberkeley #cafe @Russianriverbrewing @jen "
"Taqueria Los Pericos","36 Rancho Del Mar, Aptos, CA 95003, EE. UU.","Aptos","Mexican Cuisine",https://www.tiktok.com/@fluffie.donut/video/7580440204385864991,2025-12-05,38700,2411,57,136,179,7.2%,0.5%,,"best bike fuel? a big bad burrito #santacruz #monterey #bikelife #californiagurls #burrito"
"FAVA","2114 Vine St, Berkeley, CA 94709, USA","Berkeley","Restaurant",https://www.tiktok.com/@fluffie.donut/video/7581160123964394782,2025-12-07,38600,2798,30,206,431,9.0%,1.1%,,"my favorite sandwich place ever #berkeley #ucberkeley #bayareafoodies #eastbay #lentilsoup "
"June's Pizza","2408 Mandela Pkwy, Oakland, CA 94607, United States","Berkeley","Italian Cuisine",https://www.tiktok.com/@fluffie.donut/video/7584879099210894622,2025-12-17,37700,2019,29,474,377,7.7%,1.0%,,"@June’s Pizza hype #pizza #oakland #berkeley #bayareafoodies #vibes"
"Saint Frank Coffee","2340 Polk St, San Francisco, CA 94109, USA","San Francisco","Drinks",https://www.tiktok.com/@fluffie.donut/video/7501025921084804382,2025-05-05,36600,1536,48,128,330,5.6%,0.9%,10,"cap at st franks 10/10#tasty#coffee#sanfrancisco @jennifer fang "
"Marsh Manor Shopping Center","3700 Florence St, Redwood City, CA 94063, USA","Redwood City","Shopping Area",https://www.tiktok.com/@fluffie.donut/video/7507270281702935839,2025-05-22,35800,2324,88,363,350,8.7%,1.0%,,"los gallos is a must try #mexicanfood #yummy #tasty #food #bayarea #california #menlopark #paloalto #burrito "
"The Inn at Spanish Bay","2700 17 Mile Dr, Pebble Beach, CA 93953, USA","Monterey County","Hotel",https://www.tiktok.com/@fluffie.donut/video/7577955084303076638,2025-11-29,34900,4411,41,403,236,14.6%,0.7%,,"fluffie night out #pebblebeach #monterey #bayareafoodie #datenight #scottland "
"La Taqueria","2889 Mission St, San Francisco, CA 94110, United States","San Francisco","Mexican Cuisine",https://www.tiktok.com/@fluffie.donut/video/7529926498069859615,2025-07-22,31800,1993,56,153,189,7.5%,0.6%,,"@The Taco Fiend is my inspiration #lataqueria #taqueria #mission #burrito #taco #grill #plancha #bayarea #tasty #california #dessert #pastry #fyp #viral #sanfrancisco "
"Berkeley","California, United States","","Places",https://www.tiktok.com/@fluffie.donut/video/7501525751582215454,2025-05-07,31700,2053,25,373,180,8.3%,0.6%,,"raleigh's taco tuesday #tasty#berkeley complements of a new videographer"
"Taqueria Guadalajara Grill","417 Mace Blvd A, Davis, CA 95618, USA","Davis","Mexican Cuisine",https://www.tiktok.com/@fluffie.donut/video/7586747905260752159,2025-12-22,31600,1286,26,161,95,5.0%,0.3%,,"the best breakfast burrito is just a normal burrito #davis #tahoe #bayareafoodies #ucdavis #sacramento"
"edmonds cafe","2299 Piedmont Ave, Berkeley, CA 94720, USA","Berkeley","Cafeteria",https://www.tiktok.com/@fluffie.donut/video/7503981211375734046,2025-05-13,31000,1501,45,134,136,5.9%,0.4%,7,"cold brew at edmonds (7/10 st franks scale) #coffee #edmonds #ucberkeley #berkeley #california #internationalhouse @jen "
"Saint Frank Coffee","1018 Alma St, Menlo Park, CA 94025, USA","Palo Alto","Drinks",https://www.tiktok.com/@fluffie.donut/video/7576024118517075230,2025-11-23,29900,1313,12,143,261,5.8%,0.9%,,"back at st franks 🥰 #coffee #bayarea #cute #thanksgiving #paloalto"
"Takahashi Market","221 S Claremont St, San Mateo, CA 94401, USA","San Mateo","Food and Beverage Retail",https://www.tiktok.com/@fluffie.donut/video/7537716303654669598,2025-08-12,29600,1237,48,190,212,5.7%,0.7%,,"good poke and musubi #poke #musubi #hawaiian #hawaiianfood #japanesefood #bayarea #tasty"
"Cheese Board Pizza","1512 Shattuck Ave, Berkeley, California 94709-1517, USA","Berkeley","Fast Food",https://www.tiktok.com/@fluffie.donut/video/7504766028166008095,2025-05-15,29200,1280,23,98,84,5.1%,0.3%,,"cheese board for the cookies 😛 #cheeseboard #berkeley #cookies #ucberkeley #food #bakery #tasty"
"Kara’s Cupcakes Palo Alto","855 El Camino Real #50, Palo Alto, CA 94301, USA","Mountain View","Bakery Shop",https://www.tiktok.com/@fluffie.donut/video/7522900055364357406,2025-07-03,28500,2919,43,288,204,12.1%,0.7%,,"tasty cupcakes #cupcake #tasty #stanford #berkeley #paloalto #california #bayarea #fyp #viral #icing #cake @Kara’s Cupcakes "
"Campus Burgers","2506 Channing Way, Berkeley, CA 94720, USA","Berkeley","Specialty Dining",https://www.tiktok.com/@fluffie.donut/video/7577055762308992287,2025-11-26,28100,1153,24,143,75,5.0%,0.3%,,"that's a lot of meat! @Campus_Burgers #ucberkelet #sjsu #tasty #bayareafoodies #gameday"
"Arsicault Bakery Inner Richmond","397 Arguello Blvd, San Francisco, CA 94118, United States","San Francisco","Bakery Shop",https://www.tiktok.com/@fluffie.donut/video/7529965363459525918,2025-07-22,27800,1357,47,119,140,6.0%,0.5%,,"ariscault is fire #panauchocolat #croissant #french #frenchfood #bakery #sanfrancisco #bayarea #tasty #california #dessert #pastry #fyp #viral #sanfrancisco"
"Kajiken San Mateo","112 S B St, San Mateo, CA 94401, United States","San Mateo","Japanese Cuisine",https://www.tiktok.com/@fluffie.donut/video/7528451711590042911,2025-07-18,27600,737,21,177,133,3.9%,0.5%,,"@SplitBill to parse a tasty cheque at @kajiken.official #sponsored #ramen #japan #japanesefood #tasty #sanmateo #bayarea #sanfrancisco #noodles #fyp #viral #elkgrove #sacramento"
"Imm Thai Street Food","2068 University Ave, Berkeley, CA 94704, USA","Berkeley","Thai Cuisine",https://www.tiktok.com/@fluffie.donut/video/7505548630003158302,2025-05-17,27500,1399,27,121,135,6.1%,0.5%,,"imm thai - worth the wait? #thai #berkeley #ucberkeley #tasty #food #michellinguide @jen "
"Howie's Artisan Pizza","855 El Camino Real #60, Palo Alto, CA 94301, USA","Mountain View","Fast Food",https://www.tiktok.com/@fluffie.donut/video/7528073015381216542,2025-07-17,27300,1211,30,163,187,5.8%,0.7%,,"#sponsored for the ladie perhaps a salad - just kidding! #pizza #girlboss #bacon #risotto #pasta #tasty #paloalto #stanford #townandcountry #fyp #viral #bulkseason #gorge #bayarea #italianfood Howie's pizza provided the food and paid me for my time and review, I nonetheless reviewed this food honestly!"
"Backhaus | San Mateo","32 E 3rd Ave, San Mateo, CA 94401, USA","San Mateo","Bakery Shop",https://www.tiktok.com/@fluffie.donut/video/7538192480072699167,2025-08-13,26700,1296,39,228,241,6.8%,0.9%,,"bread and brownie unite #bread #brownie #tasty #bakery #sanmateo #food #bayarea"
"Taqueria Pancho Villa","365 S B St, San Mateo, CA 94401, USA","San Mateo","Mexican Cuisine",https://www.tiktok.com/@fluffie.donut/video/7575221426622434590,2025-11-21,26200,977,50,103,74,4.6%,0.3%,,"pancho villa feast - back in the bay! #gobears #bayareafoodies #burrito #sanmateo #tasty"
"Viks Chaat","2390 Fourth St, Berkeley, CA 94710, USA","Berkeley","Indian Cuisine",https://www.tiktok.com/@fluffie.donut/video/7548894359886761246,2025-09-11,24600,1148,66,125,72,5.7%,0.3%,,"where's the best curry in the east bay? #curry #indianfood #butterchicken #ucberkeley #tasty"
"Nabolom Bakery - Pizzeria.","2708 Russell St, Berkeley, CA 94705, USA","Berkeley","Bakery Shop",https://www.tiktok.com/@fluffie.donut/video/7502874840764779806,2025-05-10,24500,898,35,99,95,4.6%,0.4%,11,"nablom bakery morning bun 11/10 #tasty#bakery#coffee#westcoast#berkeleyca #food #ucberkeley #bikelife "
"Udon Mugizo Mountain View","180 Castro St, Mountain View, CA 94041, USA","Mountain View","Japanese Cuisine",https://www.tiktok.com/@fluffie.donut/video/7590882406324915486,2026-01-02,24500,846,11,134,120,4.5%,0.5%,,"crash out everted #newyear #udon #soup #mountainview #google"
"HaiSous Vietnamese Kitchen","1800 S Carpenter St, Chicago, IL 60608, United States","Chicago","Vietnamese Cuisine",https://www.tiktok.com/@fluffie.donut/video/7562632753322380574,2025-10-18,24400,1045,22,207,359,6.7%,1.5%,,"best vietnamese in chicago? #pilsen #chicagofood #uic #uchicago #vietnamesefood "
"Phở Hà Nội","185 University Ave, Palo Alto, CA 94301, USA","Mountain View","Vietnamese Cuisine",https://www.tiktok.com/@fluffie.donut/video/7578967897163320607,2025-12-01,24300,1177,20,178,145,6.3%,0.6%,,"tasty soup for a cold day #paloalto #bayareafoodies #pho #vietnamesefood #stanford"
"Dandelion Chocolate","2600 16th St, San Francisco, California 94103, USA","San Francisco","Dessert Shop",https://www.tiktok.com/@fluffie.donut/video/7505639863262252318,2025-05-18,24000,954,24,90,151,5.1%,0.6%,,"chocolate at dandelion #chocolate #sanfrancisco #tasty #ucberkeley #food"
"The Original Royal Donut","1090 North Ln, Burlingame, CA 94010, USA","San Mateo","Dessert Shop",https://www.tiktok.com/@fluffie.donut/video/7528561738703293727,2025-07-18,23600,1003,47,101,45,5.1%,0.2%,,"glazed raised and mid #donut #glazed #sanmateo #chucks #original #bayarea #dessert #coffee #patagonia #fyp #viral #dry #fluffie @Patagonia "
"Mademoiselle Colette","499 Lytton Ave, Palo Alto, California 94301-1535, USA","Mountain View","Bakery Shop",https://www.tiktok.com/@fluffie.donut/video/7511762791854918942,2025-06-03,23500,1031,34,94,96,5.3%,0.4%,,"collette makes pretty pastries #tasty #frenchfood #bakery #pastries #paloalto #fyp #viral #foodtok #paloalto #bayarea #california "
"Verve Coffee Roasters","162 University Ave, Palo Alto, CA 94301, USA","Mountain View","Drinks",https://www.tiktok.com/@fluffie.donut/video/7511374887705988382,2025-06-02,23200,1095,53,106,31,5.5%,0.1%,,"there should be simple syrup @Verve Coffee #coffee #paloalto #sugar #tasty #cappucino #coffeetok #california #fyp #viral #sanfrancisco #verve #Foodie "
"Palace Market","11300 CA-1, Point Reyes Station, CA 94956, USA","Point Reyes Station","Food and Beverage Retail",https://www.tiktok.com/@fluffie.donut/video/7502633142243593502,2025-05-10,23100,1058,44,73,64,5.4%,0.3%,,"palace market blta #bike#bikelife#blt#food#marin#berkeley#ucberkeley #westcoast "
"Milly's Pizza In The Pan- West Town","925 N Ashland Ave, Chicago, IL 60622, USA","Chicago","Fast Food",https://www.tiktok.com/@fluffie.donut/video/7635839488421268767,2026-05-04,22800,1036,32,238,319,7.1%,1.4%,,"best pizza in the US? #pizza #deepdish #tasty #chicago #ricotta"
"Eylan","500 El Camino Real, Menlo Park, CA 94025, United States","Palo Alto","Indian Cuisine",https://www.tiktok.com/@fluffie.donut/video/7540742158580550943,2025-08-20,21400,783,35,148,163,5.3%,0.8%,,"green butter chicken?!? #indianfood #stanford #menlopark #michelinguide #bayareafoodie also happy birthday @jen "
"Salt & Straw","250 University Ave Ste 110, Palo Alto, CA 94301, USA","Mountain View","Dessert Shop",https://www.tiktok.com/@fluffie.donut/video/7591583729898753310,2026-01-04,21100,1606,17,177,53,8.8%,0.3%,,"the worlds most expensive (and tasty) ice cream #icecream #paloalto #bayareafoodies #stanford #expensive"
"Top Dog","2534 Durant Ave, Berkeley, CA 94704, USA","Berkeley","Fast Food",https://www.tiktok.com/@fluffie.donut/video/7505444333307366686,2025-05-17,21100,1080,43,144,49,6.2%,0.2%,,"top dog meets top dog #hotdog #berkeley #ucberkeley #tasty #food #latenight "
"The Midwife and The Baker","846 Independence Ave, Mountain View, CA 94043, USA","Mountain View","Bakery Shop",https://www.tiktok.com/@fluffie.donut/video/7536986063303118111,2025-08-10,20900,906,42,182,271,6.7%,1.3%,,"mountain view coffee hangout location #mountainview #coffee #bakery #coffeetok #tasty #morningbun #google #fyl #viral"
"Lao Peng You","2020 W Chicago Ave, Chicago, IL 60622, USA","Chicago","Chinese Cuisine",https://www.tiktok.com/@fluffie.donut/video/7560339661294439710,2025-10-12,20400,834,90,69,115,5.4%,0.6%,,"another 6.5 of 10 for noodle soup #chicagofood #soup #uchicago #uic #chinesefood"
"Las Cabañas Mexican Grill & Taqueria","1916 Martin Luther King Jr Way, Berkeley, CA 94704, USA","Berkeley","Mexican Cuisine",https://www.tiktok.com/@fluffie.donut/video/7576707931807239454,2025-11-25,20100,721,23,62,69,4.4%,0.3%,,"best burrito in berkeley? #burrito #ucberkeley #gobears #bayareafoodies #tasty"
"Rossotti’s Alpine Inn","3915 Alpine Rd, Portola Valley, CA 94028, USA","Palo Alto","Specialty Dining",https://www.tiktok.com/@fluffie.donut/video/7538109098286451998,2025-08-13,20000,934,51,144,81,6.0%,0.4%,,"steak fries 😍 #steak #fries #beer #beergarden #bayarea #tasty #foodtok"
"Andytown Coffee Roasters","1302 El Camino Real, Menlo Park, CA 94025, USA","Palo Alto","Drinks",https://www.tiktok.com/@fluffie.donut/video/7512514356689571102,2025-06-05,19700,872,59,88,59,5.5%,0.3%,,"andy town meh #coffee #tasty #menlopark #paloalto #capuccino #bayarea #viral #fyp @andytownsf "
"Tacos Los Gemelos","1630 El Camino Real #2108, Redwood City, CA 94063, USA","Redwood City","Mexican Cuisine",https://www.tiktok.com/@fluffie.donut/video/7641344553332608287,2026-05-18,19500,1361,58,203,167,9.2%,0.9%,,"hand made tortillas at gemelos #tacos #redwoodcity #burrito #lengua #tortilla "
"Pineapple King Bakery - San Francisco","1915 Irving St, San Francisco, CA 94122, USA","San Francisco","Bakery Shop",https://www.tiktok.com/@fluffie.donut/video/7534384246023048478,2025-08-03,19300,798,29,103,58,5.1%,0.3%,,"buns 🍍#hongkong #china #chinesefood #sanfrancisco #bakery #buns #sugar #tasty #bayarea #food #fyp #viral "
"Scoop","203 University Ave #1712, Palo Alto, CA 94301, USA","Mountain View","Dessert Shop",https://www.tiktok.com/@fluffie.donut/video/7507334400485461279,2025-05-22,19300,1129,49,115,42,6.9%,0.2%,,"salt and straw takes scoop any day of the week #icecream #paloalto #tasty #bayarea #stanford #ucberkeley "
"Forma Bakery","4920 Telegraph Ave Ste a, Oakland, CA 94609, USA","Berkeley","Bakery Shop",https://www.tiktok.com/@fluffie.donut/video/7542235924466289951,2025-08-24,18500,844,19,70,133,5.8%,0.7%,,"forma bakery on good form (best cookie in east bay?) #bakery #eastbay #ucberkeley #croissant #cookie"
"The Midwife and The Baker","846 Independence Ave, Mountain View, CA 94043, USA","Mountain View","Bakery Shop",https://www.tiktok.com/@fluffie.donut/video/7508446225444785438,2025-05-25,18500,984,27,154,184,7.3%,1.0%,,"morning bun with chocolate - i am in love #morningbun #bakery #menlopark #stanford #google #tasty #foodie #tasty #bayarea #california"
"Somisomi","19540 Vallco Pkwy #160, Cupertino, CA 95014, USA","Cupertino","Dessert Shop",https://www.tiktok.com/@fluffie.donut/video/7537402026372746527,2025-08-11,18200,1038,27,230,65,7.5%,0.4%,,"cool fish ice cream at @Somisomi #icecream #fish #nutella #chocolate #tasty #bayarea #dessert"
"Easterly Berkeley","2142 Center St, Berkeley, California 94704-1304, USA","Berkeley","Chinese Cuisine",https://www.tiktok.com/@fluffie.donut/video/7542931518587424031,2025-08-26,18000,616,13,90,128,4.7%,0.7%,,"tasty hunan chinese food with the boys 😛 #hunan #ucberkeley #berkeley #chinesefood #bayareafoodie"
"Raleigh's Pub","2438 Telegraph Ave, Berkeley, CA 94704, USA","Berkeley","Entertainment",https://www.tiktok.com/@fluffie.donut/video/7504109953884409119,2025-05-14,17900,597,22,100,44,4.3%,0.2%,,"back at raleigh's - come say hi #tacotuesday #ucberkeley #cheese #nachos #bayarea "
"Cinderella Bakery & Cafe","436 Balboa St, San Francisco, CA 94118, USA","San Francisco","Bakery Shop",https://www.tiktok.com/@fluffie.donut/video/7534744208003845406,2025-08-04,17800,928,26,94,136,6.7%,0.8%,,"russian dumplings but i stand with ukraine #soup #ukraine #russia #sanfrancisco #tasty #broth #dumpling #meat #bread #bakery #cold #foggy #fyp #viral"
"Sancho's Taqueria","491 Lytton Ave, Palo Alto, CA 94301, USA","Mountain View","Mexican Cuisine",https://www.tiktok.com/@fluffie.donut/video/7525094179618295071,2025-07-09,17600,923,28,62,75,6.2%,0.4%,,"TRADITION at sanchos #america #burrito #california #paloalto #bayarea #mexicanfood #mexican #travel #summer #fyp #viral #ice #family #tradition "
"Nabolom Bakery - Pizzeria.","2708 Russell St, Berkeley, CA 94705, USA","Berkeley","Bakery Shop",https://www.tiktok.com/@fluffie.donut/video/7663180934514068766,2026-07-16,17400,1718,31,282,496,14.5%,2.9%,,"best bakery in east bay all day #berkeley #ucberkeley #eastbay #bayareafoodies #sanfranciscofood "
"Gordo Taqueria","2989 College Ave, Berkeley, CA 94705, USA","Berkeley","Mexican Cuisine",https://www.tiktok.com/@fluffie.donut/video/7585628847723285790,2025-12-19,17400,914,26,104,85,6.5%,0.5%,,"a tasty burrito in berkeley #berkeley #burrito #eastbay #bayareafoodies #ucberkeley "
"L’industrie Pizzeria - West Village","104 Christopher St, New York, NY 10014, USA","New York","Italian Cuisine",https://www.tiktok.com/@fluffie.donut/video/7531752702993386782,2025-07-27,17400,692,65,66,61,5.1%,0.4%,,"l’industrie is not worth the wait #westvillage #brooklyn #nyc #pizza #peporonni #sausage #tasty #crunchy #bestpizza #newyorkpizza #nycpizza #fyp #viral"
"Maruwu Seicha - SF Japantown","1737 Post St #368, San Francisco, CA 94115, USA","San Francisco","Dessert Shop",https://www.tiktok.com/@fluffie.donut/video/7543710975988419870,2025-08-28,17200,948,23,197,47,7.1%,0.3%,,"matcha ice cream?!? ok. #paloalto #matcha #stanford #bayarea #runtok this one is at 250 university ave in palo alto"
"Falafel STOP","1325 Sunnyvale Saratoga Rd, Sunnyvale, CA 94087, USA","Santa Clara","Other Cuisine",https://www.tiktok.com/@fluffie.donut/video/7536305096590691615,2025-08-08,17100,733,95,160,96,6.3%,0.6%,,"falafel stop is high quality #approved #tasty #falafel #israelifood #falafel #shwarma #freemonthighschool #sunnyvale #bayarea #google #pita #hummus #fyp #viral"
"Saint Frank Coffee","1018 Alma St, Menlo Park, CA 94025, USA","Palo Alto","Drinks",https://www.tiktok.com/@fluffie.donut/video/7525126257458056478,2025-07-09,17100,949,25,94,75,6.7%,0.4%,,"worth everyone one of my moms $11 #datewithmom #tasty #coffee #california #bayarea #gobears #cometrythis #stanford #paloalto #tech #google #apple #siliconvalley #menlopark #sandhill #venturecapital #fyp #viral #summer #ericschmidt @Saint Frank "
"KingPin Donuts","2521 Durant Ave A, Berkeley, CA 94704, USA","Berkeley","Dessert Shop",https://www.tiktok.com/@fluffie.donut/video/7506912603176750367,2025-05-21,16900,1162,39,111,46,8.0%,0.3%,,"family history at kingpin #beef #donut #fluffy #berkeley #ucberkeley #classof2025 #tasty "
"Boichik Bagels Berkeley","3170 College Ave, Berkeley, CA 94705, USA","Berkeley","Specialty Dining",https://www.tiktok.com/@fluffie.donut/video/7576743193752964383,2025-11-25,16900,778,34,73,79,5.7%,0.5%,,"best bagel in california? what's your order 🫣 #bagel #ucberkeley #bayareafoodies #tasty #everythingbagel"
"Fournée Bakery","2912 Domingo Ave, Berkeley, CA 94705, USA","Berkeley","Bakery Shop",https://www.tiktok.com/@fluffie.donut/video/7540717527454731551,2025-08-20,16900,793,30,66,69,5.7%,0.4%,,"hello freshmen of uc berkeley - best bakery in berkeley? ALSO TWO DOLLAR COFFEE???#bakery #ucberkeley #bayareafoodies #morningbun #berkeley "
"Baker & Commons","2900 College Ave, Berkeley, CA 94705, USA","Berkeley","Cafeteria",https://www.tiktok.com/@fluffie.donut/video/7545912147818138911,2025-09-03,16700,952,32,98,52,6.8%,0.3%,,"baker and commons is MID (@jen says awful) #ucberkeley #bakery #bayareafoodies #gobears #cal"
"Tartine Manufactory","595 Alabama St, San Francisco, CA 94110, USA","San Francisco","Fast Food",https://www.tiktok.com/@fluffie.donut/video/7541856942042434846,2025-08-23,16500,707,21,66,113,5.5%,0.7%,,"the brunch establishment of san francisco #bread #sffoodie #bayarea #bakery #potato "
"Artís Coffee","1717 Fourth St B, Berkeley, CA 94710, USA","Berkeley","Drinks",https://www.tiktok.com/@fluffie.donut/video/7505122477094210847,2025-05-16,16400,421,26,26,37,3.1%,0.2%,,"artis makes a solid cap! #coffee #berkeley #ucberkeley #tasty #food #bayarea #liberal #nyc #cappuccino @jen "
"Chez Panisse","1517 Shattuck Ave, Berkeley, CA 94709, United States","Berkeley","Specialty Dining",https://www.tiktok.com/@fluffie.donut/video/7543364670124494110,2025-08-27,16200,542,22,54,67,4.2%,0.4%,,"best fancy dinner in berkeley but you need to make a reservation a month in advanced 😰#bayareafoodie #datenight #huzz #ucberkeley #michelinguide @jen @grace lyra "
"Rolling Pin Donuts","429 W San Bruno Ave, San Bruno, CA 94066, United States","South San Francisco","Dessert Shop",https://www.tiktok.com/@fluffie.donut/video/7529181192554351902,2025-07-20,16200,845,22,73,51,6.1%,0.3%,,"@grapegorl 🍇 apple fritter hunt #donut #applefritter #fluffie #crunchy #sanbruno #bayarea #tasty #california #dessert #pastry #fyp #viral"
"Driftwood Deli & Market","3450 El Camino Real, Palo Alto, CA 94306, USA","Mountain View","Deli Restaurant",https://www.tiktok.com/@fluffie.donut/video/7663906095525678367,2026-07-18,16100,1072,49,221,285,10.1%,1.8%,,"looking like a drifter lol #stanford #paloalto #sandwich #tasty #dutchcrunch"
"Puentez Taqueria","243 3rd St, San Rafael, CA 94901, USA","San Rafael","Mexican Cuisine",https://www.tiktok.com/@fluffie.donut/video/7660580895916608798,2026-07-09,16100,1221,75,223,97,10.0%,0.6%,,"mid in marin #burrito #marin #bayareafoodiea #sanrafael #spicy"
"Stan's Donut Shop","2628 Homestead Rd, Santa Clara, CA 95051, United States","Santa Clara","Dessert Shop",https://www.tiktok.com/@fluffie.donut/video/7539247899847265567,2025-08-16,16100,953,41,111,89,7.4%,0.6%,,"crunchy donut of pure elation and love #donut #tasty #santaclara #sanjose #bayarea"
"Taqueria Guadalajara","4798 Mission St, San Francisco, CA 94112, USA","San Francisco","Mexican Cuisine",https://www.tiktok.com/@fluffie.donut/video/7538869919639817502,2025-08-15,15700,739,44,43,47,5.6%,0.3%,,"what's the best in sf? #burrito #sanfrancisco #mexicanfood #tasty #bayarea"
"Jeffrey's Hamburgers","888 El Camino Real, Menlo Park, CA 94025, USA","Palo Alto","Fast Food",https://www.tiktok.com/@fluffie.donut/video/7533661028412820766,2025-08-01,15700,877,44,125,101,7.3%,0.6%,,"big pile of burger #bayarea #menlopark #meta #paloalto #stanford #burger #cheeseburger #fries #milkshake #tasty #food #fyp #viral #sanmateo "
"Souvenir Coffee Co.","2701 College Ave, Berkeley, CA 94705, USA","Berkeley","Drinks",https://www.tiktok.com/@fluffie.donut/video/7502917159085968670,2025-05-10,15700,399,7,59,17,3.1%,0.1%,,"@jen's sage latte at souvenir - is everyone actually studying #ucberkeley #coffee #studying #academicweapon #work #berkeley #college "
"","","","",https://www.tiktok.com/@fluffie.donut/video/7501834756200402207,2025-05-07,15400,404,35,57,39,3.5%,0.3%,,"philtered soul at philz#coffee#philz#bayareafoodies #berkeleyca #tasty@Philz Coffee "
"Hella Bagels","1019 San Pablo Ave, Albany, CA 94706, USA","Berkeley","Specialty Dining",https://www.tiktok.com/@fluffie.donut/video/7541523884634410271,2025-08-22,15300,560,19,39,42,4.3%,0.3%,,"another day another bagel - this one was pricey #bagel #ucberkeley #breakfast #coffee #bayarea"
"Chavez Supermarket","2327 McKee Rd, San Jose, CA 95116, USA","San Jose","Mexican Cuisine",https://www.tiktok.com/@fluffie.donut/video/7536600700046871838,2025-08-09,15100,634,29,120,108,5.9%,0.7%,,"chavez taqueria is gas #burrito #tqco #bayarea #tasty #gas #supermarket #mexican #mexicanfood #redwoodcity #sunnyvale #google #fyp #viral #bakery #pandulce "
"Los Carnalitos Food Truck","2907 El Camino Real, Redwood City, CA 94061, USA","Redwood City","Mexican Cuisine",https://www.tiktok.com/@fluffie.donut/video/7656108276404194590,2026-06-27,15100,880,48,167,116,8.0%,0.8%,,"street burrito - got pastor this time. #burrito #redwoodcity #pridemonth #bayareafoodies #tacotruck"
"Coffeebar","1149 Chestnut St, Menlo Park, CA 94025, USA","Palo Alto","Drinks",https://www.tiktok.com/@fluffie.donut/video/7513631181527649566,2025-06-08,15000,795,27,77,50,6.3%,0.3%,,"ok coffee and good vibes #coffee #menlopark #tasty #coffeetok #food #bayarea #california #america #fyp #viral"
"Racha Café","2516 Telegraph Ave, Berkeley, CA 94704, USA","Berkeley","Thai Cuisine",https://www.tiktok.com/@fluffie.donut/video/7548529924357901598,2025-09-10,14800,545,3,113,113,5.2%,0.8%,,"best thai in berkeley? noodle soup?!? #thaifood #noodles #ucberkeley #bayareafoodies #tasty"
"CHICHA San Chen @ Woodlands","30 Woodlands Ave 2, #01-33 Woodlands MRT Station, Singapore 738343","Singapore","Drinks",https://www.tiktok.com/@fluffie.donut/video/7502295171401288991,2025-05-09,14600,401,29,53,12,3.4%,0.1%,,"chicha san chen - why all the hype? #boba#berkeley#michelinstar #michelinguide #ucberkeley #expensive#coastalelite@Albert Ader @jennifer fang on crew"
"HiroNori | Craft Ramen","4300 Great America Pkwy #180, Santa Clara, CA 95054, USA","Santa Clara","Japanese Cuisine",https://www.tiktok.com/@fluffie.donut/video/7540359405536169247,2025-08-19,14100,564,15,103,92,5.5%,0.7%,,"very good ramen in da bay #ramen #bayarea #noodles #soup #tasty "
"Little Sky Bakery","506 Santa Cruz Ave, Menlo Park, CA 94025, USA","Palo Alto","Bakery Shop",https://www.tiktok.com/@fluffie.donut/video/7506216246787018014,2025-05-19,14000,471,30,38,43,4.2%,0.3%,,"too fluffie?!? @littlesky #scone #menlopark #paloalto #tasty #bakery #food"
"","","","",https://www.tiktok.com/@fluffie.donut/video/7504805948775550239,2025-05-15,14000,216,17,35,13,2.0%,0.1%,,"jaming to jazz on kcsm with @jen #jazz #music #radio #berkeley #kcsm #jaming #california #ucberkeley "
"Taqueria El Grullense M&G","3636 El Camino Real, Palo Alto, CA 94306, USA","Mountain View","Mexican Cuisine",https://www.tiktok.com/@fluffie.donut/video/7539977618339220766,2025-08-18,13800,540,47,60,57,5.1%,0.4%,,"pretty good tacos in palo alto #stanford #paloalto #taco #mexicanfood #tasty"
"Sierra Bakehouse","10736 Pioneer Trail Unit 12, Truckee, CA 96161, USA","Truckee","Bakery Shop",https://www.tiktok.com/@fluffie.donut/video/7526592585436040478,2025-07-13,13700,695,9,95,92,6.5%,0.7%,10,"sierra bake house is a 10/10 on the fluffie scale #tahoe #truckee #bakery #dogsout #smores #bayarea #california #nevada #summer #food #foodie wearing a @COS shirt"
"Fournée Bakery","2912 Domingo Ave, Berkeley, CA 94705, USA","Berkeley","Bakery Shop",https://www.tiktok.com/@fluffie.donut/video/7507649354325413151,2025-05-23,13700,474,21,41,45,4.2%,0.3%,,"fournée morning bun with sun in my eyes #morningbun #berkeley #ucberkeley #california #bakery #coffee"
"Jason Cafe","1246 El Camino Real, Menlo Park, CA 94025, USA","Palo Alto","Specialty Dining",https://www.tiktok.com/@fluffie.donut/video/7539605358549945631,2025-08-17,13600,571,36,81,90,5.7%,0.7%,,"jason's cafe is as good as one would expect #breakfast #diner #bacon #bayareafoodies #tasty"
"Pizzeria Delfina","2406 California St, San Francisco, CA 94115, USA","San Francisco","Italian Cuisine",https://www.tiktok.com/@fluffie.donut/video/7505814752711478559,2025-05-18,13600,322,12,22,38,2.9%,0.3%,,"big bone at del fina #italianfood #sanfrancisco #tasty #bone #berkeley #shortrib #food"
"Tacos El Jarochito","3360 Middlefield Rd, Menlo Park, CA 94025, USA","Palo Alto","Mexican Cuisine",https://www.tiktok.com/@fluffie.donut/video/7656467830723857694,2026-06-28,13100,830,46,118,161,8.8%,1.2%,,"jarochito lol #burrito #redwoocity #bayareafoodies #taqueria #menlopark"
"Poppy Bagels","5004 Telegraph Ave, Oakland, CA 94609, USA","Berkeley","Specialty Dining",https://www.tiktok.com/@fluffie.donut/video/7542604091562708254,2025-08-25,13000,547,23,52,90,5.5%,0.7%,,"open face bagel is a cardinal sin #bagel #sandwich #ucberkeley  #oakland #bayareafoodie "
"Humphry Slocombe Redwood City","2077 Broadway, Redwood City, CA 94063, USA","Redwood City","Dessert Shop",https://www.tiktok.com/@fluffie.donut/video/7527386390741388574,2025-07-15,13000,532,32,59,31,5.0%,0.2%,,"take a lick #icecream #coffee #redwoodcity #paloalto #sanfrancisco #bay #bayare #tasty #foodie #viral #fypシ゚viral @humphryslocombe "
"Squeeze In Breakfast & Lunch","10060 Donner Pass Rd B, Truckee, CA 96161, USA","Truckee","Western Cuisine",https://www.tiktok.com/@fluffie.donut/video/7508860001360923935,2025-05-26,13000,415,10,19,19,3.6%,0.1%,,"squeeze in has good dinner vibes #diner #breakfast #tasty #california #truckee #tahoe #bayarea #eggs #beans #bayarea #reno #coffee #donner #bikelife #mountains #ski #memorialday #vets #navy #army #fyp #bakery #fluffy "
"Raleigh's Pub","2438 Telegraph Ave, Berkeley, CA 94704, USA","Berkeley","Entertainment",https://www.tiktok.com/@fluffie.donut/video/7506744763580714271,2025-05-21,13000,518,27,46,17,4.7%,0.1%,,"birthday juice at raleigh's @haleybarney #happybirthday #tacotuesday #tasty #mexicanfood #berkeley #ucberkeley #bayarea"
"","","","",https://www.tiktok.com/@fluffie.donut/video/7508131974352031006,2025-05-24,12900,531,18,23,17,4.6%,0.1%,,"oreos and the lake #bike #bikelife #cookies #oreos #tasty #tahoe #truckee #california #nevada @OREO @Cal Triathlon "
"The Laundromat SF","3725 Balboa St, San Francisco, CA 94121, United States","San Francisco","Specialty Dining",https://www.tiktok.com/@fluffie.donut/video/7529571349933722910,2025-07-21,12800,569,20,43,17,5.1%,0.1%,,""
"Camellia Coffee Roasters","1200 R St Ste 130, Sacramento, CA 95811, USA","Citrus Heights","Drinks",https://www.tiktok.com/@fluffie.donut/video/7526972647364758814,2025-07-14,12600,590,28,81,68,6.1%,0.5%,,"camellia coffee pretty good #coldbrew #horchata #fire #tasty #sacramento #california #coffee #fyp #roaster #viral #bayarea #sanfrancisco #tahoenation #tahoe"
"The Pour Choice","177 Sacramento St, Auburn, CA 95603, USA","Auburn","Drinks",https://www.tiktok.com/@fluffie.donut/video/7507689135499398430,2025-05-23,12400,409,24,25,28,3.9%,0.2%,,"pour choice more like good choice #cappucino #coffee #tasty #tahoe #bayarea #berkeley #paloalto #auburn #truckee @Pour Choice "
"Plow","1299 18th St, San Francisco, CA 94107, United States","San Francisco","Specialty Dining",https://www.tiktok.com/@fluffie.donut/video/7506646063424572702,2025-05-20,12400,458,23,30,51,4.5%,0.4%,,"plow in the city has fluffy pancakes #sanfrancisco #fluffie #pancakes #bayarea #tasty #ucberkeley "
"Ess-a-Bagel","831 3rd Ave, New York, NY 10022, USA","New York","Deli Restaurant",https://www.tiktok.com/@fluffie.donut/video/7532141061150444831,2025-07-28,12300,399,19,27,30,3.9%,0.2%,,"ess a worth a wait #bagel #nyc #tasty #lox #food #midtown #snack #summer #everything #viral #fyp"
"Motoring Coffee","11728 W Olympic Blvd, Los Angeles, CA 90064, USA","East Los Angeles","Drinks",https://www.tiktok.com/@fluffie.donut/video/7511055190103952670,2025-06-01,12100,454,9,51,46,4.6%,0.4%,,"porsche better than the coffee #cars #coffee #gearhead #porsche #911 #food #tasty #capuccino #fyp #viral #coffeetok #cartok #sanfrancisco #america #bayarea #flatwhite "
"Huddart Park","1100 Kings Mountain Rd, Redwood City, United States","Redwood City","Nature-Based Attraction",https://www.tiktok.com/@fluffie.donut/video/7512855504587083039,2025-06-06,11900,556,22,29,18,5.3%,0.2%,,""
"University of California, Berkeley","Centennial Drive, Berkeley, Alameda County, California, US-CA, 94720-1076, United States","Berkeley","College and University",https://www.tiktok.com/@fluffie.donut/video/7501396528687254814,2025-05-06,11900,132,8,10,5,1.3%,0.0%,,"hole in the road#bike#biker#bikelife#berkeleyca #berkeley #ucberkeley2025 #tasty "
"Golden Cream Doughnut Shop","911 Lincoln Ave, San Rafael, CA 94901, USA","San Rafael","Dessert Shop",https://www.tiktok.com/@fluffie.donut/video/7546274254476643615,2025-09-04,11700,439,50,86,36,5.2%,0.3%,,"golden creeeaaam #marin #sanrafael #donut #fluffy #bayareafoodies"
"Super Duper Burgers","2355 Telegraph Ave, Berkeley, CA 94704, USA","Berkeley","Restaurant",https://www.tiktok.com/@fluffie.donut/video/7542361152571919647,2025-08-25,11600,403,25,46,19,4.3%,0.2%,,"super duper not that super #bayareafoodie #sandwich #ucberkeley #tasty #chicken"
"Pequod's Pizza","2207 N Clybourn Ave, Chicago, IL 60614, USA","Chicago","Fast Food",https://www.tiktok.com/@fluffie.donut/video/7571083710993337631,2025-11-10,11500,239,23,17,23,2.6%,0.2%,,"best deep dish is chicago? this gets pretty close #deepdish #chicagofood #uchicago #tomatosauce #theloop"
"Sol Food","903 Lincoln Ave, San Rafael, CA 94901, USA","San Rafael","Other Cuisine",https://www.tiktok.com/@fluffie.donut/video/7546337599229644062,2025-09-04,11500,433,58,38,17,4.7%,0.1%,,"sol cafe breakfast? #puertorico #sanrafael #bayareafoodies #marin #tasty"
"University of California, Berkeley","Centennial Drive, Berkeley, Alameda County, California, US-CA, 94720-1076, United States","Berkeley","College and University",https://www.tiktok.com/@fluffie.donut/video/7501191324616379678,2025-05-06,11500,126,6,11,12,1.3%,0.1%,,"on da run@jennifer fang #running#berkeley #ucberkeley2025 "
"1 Oz Coffee","650 Castro St #130, Mountain View, CA 94041, USA","Mountain View","Drinks",https://www.tiktok.com/@fluffie.donut/video/7527753094487231774,2025-07-16,11400,450,58,40,63,5.4%,0.6%,,"need your help! #coffee #santaclara #santaclarauniversity #sanjose #bayarea #help #comment #viral #fyp @1 Oz Coffee "
"Nabolom Bakery - Pizzeria.","2708 Russell St, Berkeley, CA 94705, USA","Berkeley","Bakery Shop",https://www.tiktok.com/@fluffie.donut/video/7586031436419861791,2025-12-20,11300,410,8,31,47,4.4%,0.4%,,"morning date to @Nabolom Bakery &  Pizzeria  #pastries #berkeley #bayareafoodies #morningbun #coffee"
"Costco Wholesale","2300 Middlefield Rd, Redwood City, CA 94063, USA","Redwood City","Food and Beverage Retail",https://www.tiktok.com/@fluffie.donut/video/7513673760713493790,2025-06-08,11300,575,22,56,16,5.9%,0.1%,,"50c per 100 calories love @A.J. & Big Justice @Costco Wholesale #costco #tasty #bulking #bulkingseason #food #america #bayarea #redwoodcity #wholesale #fyp #viral"
"Cebu Chicago","3120 N Lincoln Ave, Chicago, IL 60657, USA","Chicago","Other Cuisine",https://www.tiktok.com/@fluffie.donut/video/7563732078970359070,2025-10-21,11200,351,11,52,73,4.3%,0.7%,,"ube and fried chicken #lincolnpark #chicagofood #brunch #tasty #filipinofood "
"Boichik Bagels Palo Alto","855 El Camino Real #115, Palo Alto, CA 94301, USA","Mountain View","Specialty Dining",https://www.tiktok.com/@fluffie.donut/video/7533276977650847006,2025-07-31,11000,544,30,44,30,5.9%,0.3%,,"down with the snobbery #rant #bagel #newyork #bayarea #paloalto #tasty #toasted #fyp #viral @Boichik Bagels "
"Panchita's Pupusería & Restaurant","3091 16th St, San Francisco, CA 94103, USA","San Francisco","Specialty Dining",https://www.tiktok.com/@fluffie.donut/video/7530301395862359327,2025-07-23,11000,702,26,62,61,7.7%,0.6%,,"advice - don't try to eat a pupusa on da street #pupusas #elsalvador #mission #missiondistrict #salvadoran #centralamerica #bayarea #tasty #california #dessert #pastry #fyp #viral #sanfrancisco"
"Hook Fish Co.","4542 Irving St, San Francisco, CA 94122, United States","San Francisco","Seafood Restaurant",https://www.tiktok.com/@fluffie.donut/video/7655795314971905310,2026-06-26,10700,528,29,43,33,5.9%,0.3%,,"hook fish co is not overrated but money talks #sanfrancisco #sf #bayareafoodies #bayarea #inflation "
"Donut Wheel","10250 N De Anza Blvd, Cupertino, CA 95014, USA","Cupertino","Dessert Shop",https://www.tiktok.com/@fluffie.donut/video/7540405317960469790,2025-08-19,10700,485,29,87,37,6.0%,0.3%,,"thank you for the donut recommendation #donut #apple #cupertino #tasty #siliconvalley "
"Los Gallos Taqueria","3726 Florence St, Redwood City, CA 94063, USA","Redwood City","Mexican Cuisine",https://www.tiktok.com/@fluffie.donut/video/7657214742431386910,2026-06-30,10600,301,20,10,31,3.4%,0.3%,,"burrito surgery #knife #wetburrito #tasty #bayareafoodies #menlopark"
"El Grullense","795 5th Ave, Redwood City, United States","Redwood City","Financial Service",https://www.tiktok.com/@fluffie.donut/video/7522565129540619550,2025-07-02,10500,629,27,77,39,7.4%,0.4%,,"but 2.55 per taco is unbeatable @soph 🪼 first time filming #taco #mexican #mexicanfood #redwoodcity #chevron #california #bayarea #liberal #berkeley #gobears #fyp #viral #tasty #food #foodie #summer"
"","","","",https://www.tiktok.com/@fluffie.donut/video/7528850171917094174,2025-07-19,10400,390,13,53,30,4.7%,0.3%,,"covour coffee was bouncing #coffee #coldbrew #tasty #paloalto #bayarea #stanford #silliconvalley #fyp #viral #foam #fluffie #busymomlife #google #tech"
"United Dumplings - Rockridge","6247 College Ave, Oakland, CA 94618, USA","Berkeley","Chinese Cuisine",https://www.tiktok.com/@fluffie.donut/video/7651269712554233119,2026-06-14,10300,588,8,97,127,8.0%,1.2%,,"noods in not berkeley but close enough #noodles #dumplings #rockridge #bayareafoodies #ucberkeley"
"Los Gallos Taqueria","3726 Florence St, Redwood City, CA 94063, USA","Redwood City","Mexican Cuisine",https://www.tiktok.com/@fluffie.donut/video/7599724371938200863,2026-01-26,10200,458,15,44,36,5.4%,0.4%,,"memories from home 😍 #menlopark #taqueria #tacos #bayareafoodies #burrito"
"Devil's Teeth Baking Company","3876 Noriega St, San Francisco, California 94122-3934, USA","San Francisco","Bakery Shop",https://www.tiktok.com/@fluffie.donut/video/7535510417318137119,2025-08-06,9790,400,12,41,45,5.1%,0.5%,,"devil teeth 🤓 buicuits #sanfrancisco #breakfast #ocean #cold #tasty #fyp #viral #bakery #bayarea #eggs #bacon"
"Dumpling Time","378 Santana Row #1035, San Jose, CA 95128, USA","San Jose","Specialty Dining",https://www.tiktok.com/@fluffie.donut/video/7525881758772923679,2025-07-11,9653,328,19,52,28,4.4%,0.3%,,"go look it up on the app store @SplitBill #dimsum #dumpling #chinese #chinesefood #stanford #stanfordmall #paloalto #tasty #fyp #viral @DUMPLiNG TiME "
"Taqueria La Cazuela","2390 Clarke Ave, East Palo Alto, CA 94303, USA","Mountain View","Mexican Cuisine",https://www.tiktok.com/@fluffie.donut/video/7665023278863437087,2026-07-21,9606,626,41,125,82,9.1%,0.9%,,"tasty burrito but why cut in half? #burrito #epa #paloalto #bayareafoodies #taco"
"Atchan","Japan, 〒730-0032 Hiroshima, Naka Ward, Tatemachi, 5-7 エイトバレー立町 2F","Hiroshima","Japanese Cuisine",https://www.tiktok.com/@fluffie.donut/video/7514744493187321118,2025-06-11,9458,340,14,15,25,4.2%,0.3%,,"okonomiyaki in hiroshima #hiroshima #japan #fyp #foryou #viral #food #japanesefood #foodie #travel #okonomiyaki #tasty"
"In-N-Out Burger","1350 Del Monte Blvd, Seaside, CA 93955, USA","Seaside","Fast Food",https://www.tiktok.com/@fluffie.donut/video/7529611705962319135,2025-07-21,9425,516,21,25,22,6.2%,0.2%,,"keeping it #healthy at #innout for @jen #burger #fries #summer #summerbod #sexy #california #abs #workout #water #salinas #bayarea "
"Marugame Udon","1919 Shattuck Ave., Berkeley, CA 94709, USA","Berkeley","Japanese Cuisine",https://www.tiktok.com/@fluffie.donut/video/7575973994495610142,2025-11-23,9410,491,12,42,32,6.1%,0.3%,,"making the best of being abandoned - tasty and cheap soup #soup #noodles #ucberkeley #gobears #biggame "
"UQBAR Mediterranean Cafe","2265 Fifth St, Berkeley, CA 94710, USA","Berkeley","Cafeteria",https://www.tiktok.com/@fluffie.donut/video/7584574727251954974,2025-12-16,9396,277,6,16,50,3.7%,0.5%,,"jen found this place on @noahjohnsonart's page - it did not disappoint #berkeley #ucberkeley #hummus #finals #bayareafoodies ALSO I AM BACK IN THE BAY FOR THE REST OF THE YEAR!"
"Johnny's Donuts","3629 Mount Diablo Blvd # A, Lafayette, CA 94549, USA","Walnut Creek","Dessert Shop",https://www.tiktok.com/@fluffie.donut/video/7549973057335495966,2025-09-14,9172,375,9,18,16,4.6%,0.2%,,"today is a good day - best donut in the east bay #bikelife #eastbay #tasty #donut #ucberkeley "
"","","","",https://www.tiktok.com/@fluffie.donut/video/7520047436044193055,2025-06-26,9133,509,14,32,19,6.3%,0.2%,,"lowkey gave a stomach ache #tacos #japan #travel #bayarea #mexicanfood #japanesefood #tokyo #tasty #food #foodie #fyp #viral"
"Horn Barbecue","464 8th St, Oakland, CA 94607, USA","Berkeley","Other",https://www.tiktok.com/@fluffie.donut/video/7542202029528059166,2025-08-24,8773,295,33,34,65,4.9%,0.7%,,"the hunt for the best barbecue in the bay continues at HORN #barbeque #eastbay #ribs #tasty #ucberkeley "
"","","","",https://www.tiktok.com/@fluffie.donut/video/7523607082872917279,2025-07-05,8568,329,16,27,11,4.5%,0.1%,,"dry cupcakes for moms birthday 😄 #cupcake #tasty #stanford #berkeley #paloalto #california #bayarea #fyp #viral #icing #cake @Sprinkles  @Candace Nelson "
"Yimm Oakland","6048 College Ave, Oakland, CA 94618, USA","Berkeley","Thai Cuisine",https://www.tiktok.com/@fluffie.donut/video/7586378595203812639,2025-12-21,8521,276,7,22,43,4.1%,0.5%,,"yimmy #berkeley #oakland #ucberkeley #bayareafoodies #thaifood"
"World's Fare Donuts","20770 Hesperian Blvd, Hayward, CA 94541, USA","Hayward","Dessert Shop",https://www.tiktok.com/@fluffie.donut/video/7664724065474678047,2026-07-20,8515,583,41,184,54,10.1%,0.6%,,"THIC donut if that's what you like at worlds fare #donut #bayarea #bayareafoodies #hayward #foodreview "
"Teaspoon Palo Alto","2675 Middlefield Rd C, Palo Alto, CA 94306, USA","Mountain View","Drinks",https://www.tiktok.com/@fluffie.donut/video/7530351377600531742,2025-07-23,8481,398,19,56,14,5.7%,0.2%,,"a teaspoon of sugar #soundofmusic #tea #boba #summer #paloalto #latenight #tea #bayarea #tasty #food #stanford @thenorthface @Teaspoon Brea "
"Red's Donuts","433 Alvarado St, Monterey, CA 93940, USA","Monterey County","Dessert Shop",https://www.tiktok.com/@fluffie.donut/video/7550326319213595934,2025-09-15,8478,327,11,38,39,4.9%,0.5%,,"big box of red's donuts in monterey all for me #foodie #monterey #donuts #california #foodtiktok @Reds Donuts "
"Dream Fluff Donuts","2637 Ashby Ave, Berkeley, CA 94705, USA","Berkeley","Dessert Shop",https://www.tiktok.com/@fluffie.donut/video/7652125981922118942,2026-06-16,8468,666,6,80,78,9.8%,0.9%,,"deal of the century in berkeley #donut #ucberkeley #deal #deal #bayareafoodies"
"Virtue Restaurant","1462 E 53rd St, Chicago, IL 60615, USA","Chicago","Other Cuisine",https://www.tiktok.com/@fluffie.donut/video/7609698356092226847,2026-02-22,8349,126,5,11,10,1.8%,0.1%,,"virtue might be slightly over hyped #hydepark #southside #chicago #fancydinner #chicagofoodie "
"Saint Frank Coffee","2340 Polk St, San Francisco, CA 94109, USA","San Francisco","Drinks",https://www.tiktok.com/@fluffie.donut/video/7641270102410743071,2026-05-18,8336,493,17,51,57,7.4%,0.7%,,"ripping the best coffee in california - it's good to be back #coffee #bayarea #sanfrancisco #stanford #capuccino"
"Marufuku Ramen","4828 Telegraph Ave, Oakland, CA 94609, USA","Berkeley","Japanese Cuisine",https://www.tiktok.com/@fluffie.donut/video/7525850875647118622,2025-07-11,8305,205,8,31,14,3.1%,0.2%,,"trying marufuku- i think ramen nagi takes the win @Marufuku Ramen @Ramen Nagi PH #ramen #tasty #soup #japan #japanesefood #noodles #food #foodie #bayarea #redwoodcity #paloalto #sanfrancisco #fyp #viral #egg "
"Dark Horse Coffee Roasters Truckee","10009 W River St Ste B, Truckee, CA 96161, USA","Truckee","Drinks",https://www.tiktok.com/@fluffie.donut/video/7526619594413346079,2025-07-13,8257,321,14,27,19,4.6%,0.2%,,"good vibes in a truckee basement #coldbrew #coffee #truckee #sandiego #roaster #coffeetok #summer #californiagurls #fyp #viral #goodvibes"
"Blue Bottle Coffee - Umeda Chayamachi Cafe","Japan, 〒530-0013 Osaka, Kita Ward, Chayamachi, 15−２２ アーバンテラス A棟","Osaka","Drinks",https://www.tiktok.com/@fluffie.donut/video/7517428888302144798,2025-06-18,8256,395,13,14,17,5.3%,0.2%,,"@Blue Bottle Coffee in a barn #kyoto #japan #tokyo #tasty #coffee #travel #traveltok #coffeetok #bayarea #fyp #viral #latte #ice #coffeeshop #cute #fancy "
"Local Economy","6028 College Ave, Oakland, CA 94618, USA","Berkeley","Organization",https://www.tiktok.com/@fluffie.donut/video/7575274112940100894,2025-11-21,8141,219,4,22,42,3.5%,0.5%,,"painted leopard makes a tasty coffee 😛 best in east bay? #coffeetok #gobears #gameday #ucberkeley #tasty"
"Vesta","2022 Broadway, Redwood City, CA 94063, USA","Redwood City","Fast Food",https://www.tiktok.com/@fluffie.donut/video/7536254654800301343,2025-08-08,8071,284,17,35,32,4.6%,0.4%,,"camera man sleeping on the job @Mosh but pizza was tasty #pizza #redwoodcity #menlopark #bayarea #food #fancy #viral #fyp"
"Good Mong Kok Bakery","1039 Stockton St, San Francisco, CA 94108, USA","San Francisco","Chinese Cuisine",https://www.tiktok.com/@fluffie.donut/video/7535123450311101726,2025-08-05,7996,293,9,15,30,4.3%,0.4%,,"dumplings for cheap (but i got a parking ticket so please watch the video so i can pay for the ticket) #sanfrancisco #chinesefood #dumplings #chinatown #food #tasty #fyp#viral"
"Daisies","2375 N Milwaukee Ave, Chicago, IL 60647, United States","Chicago","Specialty Dining",https://www.tiktok.com/@fluffie.donut/video/7563360370518248734,2025-10-20,7978,229,3,22,33,3.6%,0.4%,,"strong martini for a one o clock meeting 😰 #brunch #chicagofood #fluffy #logansquare #polish "
"Soloway coffee","2275 N Lincoln Ave, Chicago, IL 60614, USA","Chicago","Cafeteria",https://www.tiktok.com/@fluffie.donut/video/7562252824193600799,2025-10-17,7923,425,13,17,21,6.0%,0.3%,,"coffee with mom #lincolnpark #chicagofood #uchicago #depaul #tasty"
"ICHIRAN Shinjuku Kabukicho Ramen Restaurant","1-chōme-17-10 Kabukichō, Shinjuku City, Tokyo 160-0021, Japan","Shinjuku City","Japanese Cuisine",https://www.tiktok.com/@fluffie.donut/video/7516681765189192991,2025-06-16,7659,419,15,27,16,6.2%,0.2%,,"@ICHIRAN takes @Ramen Nagi PH #japan #kyoto #travel #traveltok #food #foodie #ramen #soup #bayarea #tasty #japan2025 #japaninspo #america #american #fyp #viral #japlanning @Oakley "
"Coupa Cafe - Ramona","538 Ramona St, Palo Alto, CA 94301, USA","Mountain View","Cafeteria",https://www.tiktok.com/@fluffie.donut/video/7523248308517735710,2025-07-04,7223,325,9,22,15,5.1%,0.2%,,"coupa is mid - go bears #berkeley #stanford #paloalto #california #bayarea #coffee #coldbrew #gobears #fyp #viral #tasty #coffeetok #liberal #coastal @user175465895766 @Blue Bottle Coffee "
"Masa Ramen Bistro","1923 University Ave, Berkeley, CA 94704, USA","Berkeley","Japanese Cuisine",https://www.tiktok.com/@fluffie.donut/video/7549301664264637726,2025-09-12,7219,227,5,26,28,4.0%,0.4%,,"masa is decent not brilliant #ramen #ucberkeley #soup #noodles #berkeley"
"Russ & Daughters","179 E Houston St, New York, NY 10002, USA","New York","Deli Restaurant",https://www.tiktok.com/@fluffie.donut/video/7531120667249364255,2025-07-25,7206,324,21,13,26,5.3%,0.4%,,"the og lox shop #nyc #bagel #lox #everything #ny #nycsummer #food #tasty #fyp #viral #bayarea #california #og #toasted "
"","","","",https://www.tiktok.com/@fluffie.donut/video/7519646972324678942,2025-06-24,7089,381,11,7,5,5.7%,0.1%,,"two dollar blend it yourself smoothie #japan #seveneleven #sevenelevenjapan #travel #food #smoothie #jamba #tasty #summer @lululemon @7-ELEVEN "
"Small Cheval- Hyde Park","1307 E 53rd St 1st Floor, Chicago, IL 60615, USA","Chicago","Fast Food",https://www.tiktok.com/@fluffie.donut/video/7574486514789338399,2025-11-19,6783,155,12,19,10,2.9%,0.1%,,"best burger in the chicagoland #chicagoland #hydepark #uchicago #burger #chicagofood"
"Belmont","California, United States","","Places",https://www.tiktok.com/@fluffie.donut/video/7545202598018649374,2025-09-01,6762,251,20,25,35,4.9%,0.5%,,"best mediterranean in the bay? best branzino in the bay? and strong flavored cocktails? #datenight #loving #branzino #cocktails #bayareafoodies @amara_restaurants "
"Cornerstone Kitchen","10089 W River St, Truckee, CA 96161, USA","Truckee","Restaurant",https://www.tiktok.com/@fluffie.donut/video/7589377315168177438,2025-12-29,6599,174,5,4,18,3.0%,0.3%,,"cornerstone bakery has tasty food #tahoe #truckee #northstar #palisades #bayareafoodies"
"Lou Malnati's Chicago - Michigan Avenue","410 North Michigan Avenue, Chicago, IL 60611, United States","Chicago","Italian Cuisine",https://www.tiktok.com/@fluffie.donut/video/7565617583395736862,2025-10-26,6585,145,14,11,5,2.7%,0.1%,,"best deep dish in chicago? if you disagree tell me where to try next #deepdish #chicagofood #westloop #tasty #pizza"
"Marin County","California, United States","","Places",https://www.tiktok.com/@fluffie.donut/video/7500745005477219614,2025-05-05,6534,44,2,3,1,0.8%,0.0%,10,"bike train in sunny marin county 10/10#bike#bikelife#marin#peleton#naturelovers here is the strava: https://strava.app.link/5n0JW7DL6Sb"
"BEACON Doughnuts","In The Alley, 810 W Armitage Ave, Chicago, IL 60614, United States","Chicago","Dessert Shop",https://www.tiktok.com/@fluffie.donut/video/7607147857069526302,2026-02-15,6390,164,8,13,9,3.0%,0.1%,,"vegan donuts #vegan #donut #lincolnpark #valentinesday #meateater"
"McDonald's","8-chōme-14-15 Minamikanon, Nishi Ward, Hiroshima, 733-0035, Japan","Hiroshima","Fast Food",https://www.tiktok.com/@fluffie.donut/video/7515565100510612767,2025-06-13,6227,286,8,8,7,5.0%,0.1%,,"mcflurry better in japan #japan #hiroshima #mcdonalds #mcflurry #icecream #america #food #foodie #fyp #travel #viral #comfortfood "
"METRIC COFFEE","2021 W Fulton St, Chicago, IL 60612, United States","Chicago","Drinks",https://www.tiktok.com/@fluffie.donut/video/7552602019597487391,2025-09-21,5987,149,8,13,21,3.2%,0.4%,,"is metric coffee the best in chicago? #coffeetiktok #chicagocoffeeshops #coffeeshop #westtown #uic "
"Mama's Too! Upper West Side","2750 Broadway, New York, NY 10025, USA","New York","Fast Food",https://www.tiktok.com/@fluffie.donut/video/7532511427009973535,2025-07-29,5847,181,7,11,18,3.7%,0.3%,,"now this is tasty pizza #pizza #newyork #tasty #soho #westvillage #spicy #latenight #food #nyc #viral #fyp"
"Blue Bottle Coffee - Umeda Chayamachi Cafe","Japan, 〒530-0013 Osaka, Kita Ward, Chayamachi, 15−２２ アーバンテラス A棟","Osaka","Drinks",https://www.tiktok.com/@fluffie.donut/video/7522171192434822431,2025-07-01,5746,181,7,9,5,3.5%,0.1%,,"i am becoming a serious @Blue Bottle Coffee fan and reunited with @jen in #shanghai #china #travel #coffee #coldbrew #tasty #fluffie #coffee #coffeetok #summer #foam "
"Librae Bakery","35 Cooper Sq, New York City, NY 10003, United States","New York","Bakery Shop",https://www.tiktok.com/@fluffie.donut/video/7531489696388631839,2025-07-26,5643,190,7,12,9,3.9%,0.2%,,"pan ah chocolate with coffee #nyc #france #croissant #tasty #chocolate #espresso #bakery #newyork #travel #food "
"Breakfast Little","3275 22nd St, San Francisco, CA 94110, USA","San Francisco","Cafeteria",https://www.tiktok.com/@fluffie.donut/video/7663593028732439839,2026-07-17,5425,220,19,20,22,5.2%,0.4%,,"breaky little breaks burrito #breakfastburrito #mission #sanfranciscolife #sffoodie #tasty"
"San Francisco International Airport","San Francisco, CA 94128, United States","San Francisco","Attraction",https://www.tiktok.com/@fluffie.donut/video/7524749025770327326,2025-07-08,5413,145,6,4,1,2.9%,0.0%,,"stuck in costa rica @United Airlines #united #delayed #flight #travel #costarica #cancelled #rice #beans #tasty #hemingway #unitedstates #bigbeautifulbill #america #fyp #viral #help"
"Ain't Normal Cafe","5701 College Ave, Oakland, CA 94618, USA","Berkeley","Drinks",https://www.tiktok.com/@fluffie.donut/video/7544054019245870366,2025-08-29,5359,135,4,17,6,3.0%,0.1%,,"ain't normal pretty normal #coffee #ucberkeley #bayareafoodie #basic #oakland"
"Xi'an Cuisine","225 W Cermak Rd, Chicago, IL 60616، الولايات المتحدة","Chicago","Chinese Cuisine",https://www.tiktok.com/@fluffie.donut/video/7561822084016459038,2025-10-16,5297,134,10,3,21,3.2%,0.4%,,"take a swim!?! in my noodle soup #chinatown #chicagofood #uic #uchicago #chicagoarchitecture"
"Los Gallos Taqueria","3726 Florence St, Redwood City, CA 94063, USA","Redwood City","Mexican Cuisine",https://www.tiktok.com/@fluffie.donut/video/7655059978939632926,2026-06-24,5257,235,17,27,10,5.5%,0.2%,,"mood you guys tasty tacos @Jamesbola_ #mood #tacos #bayareafoodies #burrito #menlopark"
"Carniceria Maribel","1801 W Cermak Rd, Chicago, IL 60608, United States","Chicago","Mexican Cuisine",https://www.tiktok.com/@fluffie.donut/video/7559581494801468702,2025-10-10,5233,172,4,8,25,4.0%,0.5%,,"carnicería maribel is a good find #uic #uchicago #pilsen #chicagofoodie #chicagofood "
"Miyajima baseバナナ(877)ya CLUB","3-chōme-15-14 Miyajimaguchinishi, Hatsukaichi, Hiroshima 739-0412, Japan","Hatsukaichi","Hotel",https://www.tiktok.com/@fluffie.donut/video/7515170603695901983,2025-06-12,5218,210,7,5,16,4.6%,0.3%,,"miajima is a cool place and miajima base has cool food #japan #miajima⛩️ #hiroshima #japanesefood #bayarea #tasty #lemonade #friedchicken #curry #beef #rice #donuts #mochi #fyp #viral feel like mr @Japan Eat "
"Drink Coffee Do Stuff","10115 Donner Pass Rd Ste C, Truckee, CA 96161, USA","Truckee","Drinks",https://www.tiktok.com/@fluffie.donut/video/7534414553178754335,2025-08-03,5175,128,10,10,10,3.1%,0.2%,,"coffee in tahoe #tahoe #truckee #california #nevada #skiing #snow #summer #tasty #coffee #bayarea #tahoecity #inclinevillage #fyp #viral"
"Izzy's Brooklyn Bagels","477 California Ave, Palo Alto, CA 94306, USA","Mountain View","Specialty Dining",https://www.tiktok.com/@fluffie.donut/video/7641722329210408222,2026-05-19,5139,206,10,33,39,5.6%,0.8%,,"tasty bagel #lox #everythingbagel #bayareafoodie #paloalto #stanford"
"The Sink","1165 13th St, Boulder, CO 80302, USA","BOULDER","Western Cuisine",https://www.tiktok.com/@fluffie.donut/video/7559280833408830750,2025-10-09,5010,213,7,24,8,5.0%,0.2%,,"one from the archives for the buffs #boulder #cuboulder #gobuffs #gameday #tasty @CUBoulder @Mosh @The Sink Boulder @jen @Democrats "
"ANA Festa","3-3-2 Haneda Airport Ota-ku, Ōta, Tokyo, Japan","Ota City","Japanese Cuisine",https://www.tiktok.com/@fluffie.donut/video/7514295690210659615,2025-06-10,4921,136,7,10,4,3.2%,0.1%,,"kicking off the trip with tasty soup #udon #ramen #japan #tasty #foodie #travel #airport #boeing #boom #fyp #viral #beef #tokyo #shrimp #sobadorguillermo "
"The Weekenders Coffee","Japan Taman Melawati","Gombak District","Drinks",https://www.tiktok.com/@fluffie.donut/video/7519388437871381791,2025-06-24,4669,167,3,6,5,3.9%,0.1%,,"tasty coffee in kyoto #sunburn #kyoto #japan #travel #traveltok #japantok #tasty #tokyo #coffee #cappuciono #coffeetok #fyp #viral @Oakley "
"Panaderia Nuevo Leon","1634 W 18th St, Chicago, IL 60608, USA","Chicago","Bakery Shop",https://www.tiktok.com/@fluffie.donut/video/7560386794471148831,2025-10-12,4625,175,12,3,10,4.3%,0.2%,,"tasty pastries in pilsen i recommend #chicagomarathon #pilsen #uic #uchicago #chicagofood"
"","","","",https://www.tiktok.com/@fluffie.donut/video/7514659452696464671,2025-06-11,4604,139,8,5,5,3.4%,0.1%,,"@Mosh denied entry #hiroshima #japan #tasty #coffee #foodie #travel #fyp #foryou #viral #coffeetok #cappuccino #machiatto #espresso "
"Teni East Kitchen","4015 Broadway, Oakland, CA 94611, USA","Berkeley","Other Cuisine",https://www.tiktok.com/@fluffie.donut/video/7662102479940668703,2026-07-13,4491,198,2,19,62,6.3%,1.4%,,"i love burmese food #burmesefood #oakland #berkeley #curry #garlicnoodles"
"MUGUNGHWA Korean Restaurant","4315 Telegraph Ave, Oakland, CA 94609, USA","Berkeley","Korean Cuisine",https://www.tiktok.com/@fluffie.donut/video/7651676812988239134,2026-06-15,4479,240,5,41,40,7.3%,0.9%,,"all the korean food you need at a fair price #bibimbap #bulgogi #kimchi #bayareafoodies #oakland"
"MINDY'S BAKERY","1623 N Milwaukee Ave, Chicago, IL 60647-5411, USA","Chicago","Bakery Shop",https://www.tiktok.com/@fluffie.donut/video/7552565155419278623,2025-09-21,4431,134,7,9,16,3.7%,0.4%,,"on the hunt for the best bakery in chicago #chicagofood #wickerpark #mindys #chicago  #foodietiktok @jen "
"La Cabra Bakery","152 2nd Ave, New York, NY 10003, USA","New York","Drinks",https://www.tiktok.com/@fluffie.donut/video/7531799550420405534,2025-07-27,4374,135,13,10,3,3.7%,0.1%,,"tasty coffee but maybe a little basic #basic #latte #10dollars #nyc #nyccafe #soho #hoe #nyceats #bakery #lulu #coffeetok #fyp #viral"
"Apollo Bagels","242 E 10th St, New York City, NY 10003, United States","New York","Specialty Dining",https://www.tiktok.com/@fluffie.donut/video/7613833247058939166,2026-03-05,4343,131,7,13,6,3.6%,0.1%,,"this is not a proper bagel #apollobagels #bagels #nyc #nyceats #foodreview "
"Ghin Khao Eat Rice","2128 W Cermak Rd, Chicago, IL 60608, USA","Chicago","Thai Cuisine",https://www.tiktok.com/@fluffie.donut/video/7562943645695888670,2025-10-19,4238,120,4,10,24,3.7%,0.6%,,"could not wait for the noodles! where is the best thai in chicago? #pilsen #chicagofood #thaifood #tasty #uic"
"MEGA MART","1775 E Bayshore Rd, East Palo Alto, CA 94303, USA","Mountain View","Food and Beverage Retail",https://www.tiktok.com/@fluffie.donut/video/7650946086034623775,2026-06-13,4187,200,14,25,10,5.9%,0.2%,,"Mega mart for some salt bread and yummy korean food - back in the bay! #bayarea #paloalto #koreanfood #bayareafoodies #kimbap "
"Miharu Ice Cream","2965 College Ave, Berkeley, CA 94705, USA","Berkeley","Dessert Shop",https://www.tiktok.com/@fluffie.donut/video/7652488319850368287,2026-06-17,4161,183,7,7,14,5.1%,0.3%,,"creamy in berkeley #ucberkeley #elmwood #asian #ube #bayareafoodies"
"Chong Qing Xiao Mian","915 Kearny St, San Francisco, CA 94133, USA","San Francisco","Chinese Cuisine",https://www.tiktok.com/@fluffie.donut/video/7661312967270501662,2026-07-11,4027,150,2,19,51,5.5%,1.3%,,"best chinese beef noodle soup in the city? #noodlesoup #chinatown #sanfranciscofood #foggy #chinesefood"
"Year of the Snake","2701 Eighth St #114, Berkeley, CA 94710, USA","Berkeley","Bakery Shop",https://www.tiktok.com/@fluffie.donut/video/7651385411180219678,2026-06-14,4009,198,8,13,28,6.2%,0.7%,,"year of the snake #bakery sunday pop up #eggtart #berkeley #bayareafoodie #cookie"
"YooYee 喜又","4925 N Broadway Unit E, Chicago, IL 60640, USA","Chicago","Chinese Cuisine",https://www.tiktok.com/@fluffie.donut/video/7606783052936695071,2026-02-14,3937,154,6,15,18,4.9%,0.5%,,"yoooooooyeeeeee #noodles #chinesefood #soup #dumplings #chinesenewyear "
"","","","",https://www.tiktok.com/@fluffie.donut/video/7531892460155374878,2025-07-27,3897,82,4,1,6,2.4%,0.2%,,"soup dumpling drippy love #soup #dumpling #shanghai #nyc #chinatown #noodles #beef #spicy #tasty #love #fyp #viral #food #foodtok #chinese #chinesefood"
"Saigon Sisters","567 W Lake St, Chicago, IL 60661, USA","Chicago","Vietnamese Cuisine",https://www.tiktok.com/@fluffie.donut/video/7570718680414227743,2025-11-09,3892,80,7,5,7,2.5%,0.2%,,"best meal for a cold night? #pho #chicagofood #theloop #vietnamese #noodles"
"Cafe Yaya","2431 N Lincoln Ave, Chicago, IL 60614, United States","Chicago","Cafeteria",https://www.tiktok.com/@fluffie.donut/video/7562977399269297438,2025-10-19,3871,80,5,7,9,2.6%,0.2%,,"best brunch date in chi? #lincolnpark #lakeview #chicagofood #brunch #uchicago"
"Steingold's of Chicago","3737 N Southport Ave, Chicago, IL 60613, USA","Chicago","Deli Restaurant",https://www.tiktok.com/@fluffie.donut/video/7553746726872468767,2025-09-24,3660,102,9,8,9,3.5%,0.2%,,"best bagel in the loop? #chicago #chicagofoodies #uchicago #bagel #roshhashanah "
"Chuy's Fiestas","2341 Folsom St, San Francisco, CA 94110, USA","San Francisco","Mexican Cuisine",https://www.tiktok.com/@fluffie.donut/video/7652393649514319134,2026-06-17,3629,133,5,7,19,4.5%,0.5%,,"beli had a fire burrito req #burrito #bayareafoodies #worldcup #salsaverde #chips "
"FIRECAKES CRAFT DONUTS","68 W Hubbard St, Chicago, IL 60654, United States","Chicago","Dessert Shop",https://www.tiktok.com/@fluffie.donut/video/7606087098449300766,2026-02-12,3527,151,2,8,3,4.6%,0.1%,,"i'm back with an of donut #donut #tasty #oldfashion #chocolate #fluffy "
"Harvest","820 Park Ave #101, Park City, UT 84060, USA","Park City","Cafeteria",https://www.tiktok.com/@fluffie.donut/video/7551450764560911646,2025-09-18,3508,66,3,1,2,2.1%,0.1%,,"park city best breakfast? #breakfast #foodtiktok #parkcity #utah #slc @jen "
"Strings Ramen Hyde Park","1453 E 53rd St, Cook, Illinois 60615, USA","Chicago","Restaurant",https://www.tiktok.com/@fluffie.donut/video/7564602027758701854,2025-10-24,3402,85,12,9,6,3.3%,0.2%,,"strings not springs - next time i'll do the monter challenge! trying a post again let's see what happens #ramen #chicagofood #hydepark #uchicago #tasty"
"Coffee Lab & Roasters","2823 N Lincoln Ave, Chicago, IL 60657, USA","Chicago","Drinks",https://www.tiktok.com/@fluffie.donut/video/7554037780259687710,2025-09-25,3272,91,8,8,5,3.4%,0.2%,,"coffee desert? coffee lab is aight #depaul #uchicago #chicagofoodie #chicagotiktok #tasty"
"La Chaparrita Taqueria","2500 S Whipple St #4138, Chicago, IL 60623, USA","Chicago","Mexican Cuisine",https://www.tiktok.com/@fluffie.donut/video/7552189251505474846,2025-09-20,3253,91,8,2,6,3.3%,0.2%,,"on the hunt for tacos in chicago #tacos #uchicago #chicagotiktok #mexicanfood #chicagofood"
"Plein Air Cafe","5751 S Woodlawn Ave, Chicago, IL 60637, USA","Chicago","Cafeteria",https://www.tiktok.com/@fluffie.donut/video/7556264154047237407,2025-10-01,3229,92,2,5,6,3.3%,0.2%,,"plein air has a plainly good cappuccino #uchicago #cafelife #chicago #capuccino #hydepark "
"Hing Kee Restaurant","2140 S Archer Ave, Chicago, IL 60616, USA","Chicago","Chinese Cuisine",https://www.tiktok.com/@fluffie.donut/video/7555888308841123102,2025-09-30,3211,67,6,7,7,2.7%,0.2%,,"looking for the best chinese food in chicago - where should i go next #dumplings #chinesefood #chicago #uchicago #uic "
"Chalong Southern Thai","749 9th Ave, New York City, NY 10019, United States","New York","Thai Cuisine",https://www.tiktok.com/@fluffie.donut/video/7531023627425287455,2025-07-25,3115,57,2,4,4,2.2%,0.1%,,"where else should i go while im here #nyc #ny #nycsummer #bayarea #nyceats #food #thai #noodles #fluffie "
"","","","",https://www.tiktok.com/@fluffie.donut/video/7660982724768877855,2026-07-10,3073,211,5,10,11,7.7%,0.4%,,""
"In-N-Out Burger","9149 S Sepulveda Blvd, Los Angeles, California 90045-4803, USA","East Los Angeles","Fast Food",https://www.tiktok.com/@fluffie.donut/video/7656914952711654686,2026-06-29,3049,150,6,7,2,5.4%,0.1%,,"no explanation needed - just thought everyone would like the update #california #innout #cheeseburger #animalstyle #shake "
"QING XIANG YUAN DUMPLINGS","2002 S Wentworth Ave Ste 103, Chicago, IL 60616, United States","Chicago","Chinese Cuisine",https://www.tiktok.com/@fluffie.donut/video/7562199836733279518,2025-10-17,3035,67,7,1,5,2.6%,0.2%,,"dumplings are tasty #chinatown #chicagofood #uic #uchicago #tasty"
"DO-RITE DONUTS & CHICKEN","233 E Erie St, Chicago, IL 60611, USA","Chicago","Dessert Shop",https://www.tiktok.com/@fluffie.donut/video/7552948300995923231,2025-09-22,2705,75,11,12,6,3.8%,0.2%,,"what's better than fluffie donut? fluffie donut and friend chicken #chicagofoodanddrink #chicagofoodies #lincolnpark #wriggleyville #jimmykimmel @Jimmy Kimmel Live  "
"Lem's Bar-B-Q","311 E 75th St, Chicago, IL 60619, USA","Chicago","Western Cuisine",https://www.tiktok.com/@fluffie.donut/video/7560749316940369182,2025-10-13,2580,86,7,1,5,3.8%,0.2%,,"i got distracted by the meat and talked for a long time #southside #uchicago #uic #chicagomarathon #bbq"
"Valois","1518 E 53rd St, Chicago, IL 60615, United States","Chicago","Specialty Dining",https://www.tiktok.com/@fluffie.donut/video/7555550662692506910,2025-09-29,2397,54,6,0,1,2.5%,0.0%,,"on obamas stomping ground #uchicago #obama #brunch #gooddeal #baconandeggs @Democrats @UChicago College Admissions "
"Anticonquista Café (Pilsen)","952 W 18th St, Chicago, IL 60608, USA","Chicago","Drinks",https://www.tiktok.com/@fluffie.donut/video/7560011934293052703,2025-10-11,2395,51,2,0,5,2.4%,0.2%,,"coffee shop with a funny name #conquista #chicagobrunch #uchicago #uic #capuccino "
"Oren's Hummus","261 University Ave, Palo Alto, CA 94301, USA","Mountain View","Other Cuisine",https://www.tiktok.com/@fluffie.donut/video/7662846320008318238,2026-07-15,2391,96,7,18,9,5.4%,0.4%,,"best humus in the bay #paloalto #stanford #bayareafoodies #humus #fatoosh "
"Tsuruya","1926 Shattuck Ave., Berkeley, CA 94704, USA","Berkeley","Japanese Cuisine",https://www.tiktok.com/@fluffie.donut/video/7663500100081077534,2026-07-17,2273,130,5,23,27,8.1%,1.2%,,"spicy ramen in berkeley #soup #ramen #tonkatsu #ucberkeley #gobears "
"Alimento","507 Columbus Ave, San Francisco, CA 94133, USA","San Francisco","Deli Restaurant",https://www.tiktok.com/@fluffie.donut/video/7662053843382930718,2026-07-13,2174,120,10,2,23,7.1%,1.1%,,"alimento ... the finest sandwich in the city? #copa #salami #bayareafoodies #prosciutto #powerlunch"
"Campus Burgers","2506 Channing Way, Berkeley, CA 94720, USA","Berkeley","Specialty Dining",https://www.tiktok.com/@fluffie.donut/video/7652074989495078175,2026-06-16,2076,69,2,6,4,3.9%,0.2%,,"little post dinner snack #burger #ucberkeley #jalapeño #berkeley #bayareafoodies"
"M sandwiches Cafe San Mateo","205 E 4th Ave, San Mateo, CA 94401, USA","San Mateo","Vietnamese Cuisine",https://www.tiktok.com/@fluffie.donut/video/7555254694038211870,2025-09-28,2019,44,3,2,5,2.7%,0.2%,,"tasty bahn mi! where do you like? #bahnmi #vietnamesefood #sanmateo #bayarea #tasty @m sandwiches "
"Happy Donuts","3916 El Camino Real, Palo Alto, CA 94306, USA","Mountain View","Dessert Shop",https://www.tiktok.com/@fluffie.donut/video/7662802660436839710,2026-07-15,1772,76,5,12,11,5.9%,0.6%,,"happy face #donut #paloalto #stanford #fluffy #coffee"
"Hedge Coffee","434 Shotwell St, San Francisco, CA 94110, USA","San Francisco","Drinks",https://www.tiktok.com/@fluffie.donut/video/7665450121005501727,2026-07-22,1412,59,4,8,2,5.2%,0.1%,,"hedge coffee too expensive and not as good as st frank 😕#sfcoffee #sanfrancisco #sffoodie #bayareafoodies #bayarea"
"THE Maybourne BEVERLY HILLS","225 N Canon Dr, Beverly Hills, CA 90210, United States","Los Angeles County","Hotel",https://www.tiktok.com/@fluffie.donut/video/7663927783793495326,2026-07-18,1334,48,4,6,3,4.6%,0.2%,,"best car spotting? #beverlyhills #losangeles #carsandcoffee #carrera #porsche"
"Tacos Cinco y Diez","2426 Hauser Blvd, Los Angeles, CA 90019, USA","East Los Angeles","Mexican Cuisine",https://www.tiktok.com/@fluffie.donut/video/7664649426211720478,2026-07-20,1135,63,7,2,2,6.5%,0.2%,,"taco 5Y10 street burrito. pretty good - where's the best burrito in socal? #losangeles #lafoodie #california #burrito #midcity "
"Tacos El Patron","1500 S Van Ness Ave #100, San Francisco, CA 94110, United States","San Francisco","Mexican Cuisine",https://www.tiktok.com/@fluffie.donut/video/7665390514061036831,2026-07-22,1068,69,9,9,7,8.8%,0.7%,,"best birria? #sffoodie #bayareafoodies #sanfran #birria #taco"
"Gjusta Goods","324 Sunset Ave, Venice, CA 90291, USA","East Los Angeles","Home and Living",https://www.tiktok.com/@fluffie.donut/video/7664274872373185822,2026-07-19,930,41,2,0,1,4.7%,0.1%,,"slow but tasty - is that the santa monica way? #santamonica #goldsgym #salmon #cured #coffee"
"Bob's Coffee & Doughnuts","6333 W 3rd St #450, Los Angeles, CA 90036, USA","East Los Angeles","Dessert Shop",https://www.tiktok.com/@fluffie.donut/video/7665092825352015134,2026-07-21,848,41,9,0,2,6.1%,0.2%,,"where is the best donut in los angeles?!! bob's is a classic #donut #losangeles #lafoodie #california "